Reason for absence,Month of absence,Day of the week,Seasons,Transportation expense,Distance from Residence to Work,Service time,Age,Work load Average/day,Hit target,Disciplinary failure,Education,Son,Social drinker,Social smoker,Pet,Weight,Height,Body mass index,Absenteeism time in hours,_month,_day,_Disciplinary failure,_drinker,_smoker,_pet,Transportation expense [Binned],Distance from Residence to Work [Binned],Service time [Binned],Age [Binned],Work load Average/day [Binned],Hit target [Binned],Body mass index [Binned]
26,7,3,1,289,36,13,33,239.554,97,0,1,2,1,0,1,90,172,30,4,Jul,Tue,No,Yes,No,Yes,High,High,Low,Low,Low,High,High
0,7,3,1,118,13,18,50,239.554,97,1,1,1,1,0,0,98,178,31,0,Jul,Tue,Yes,Yes,No,No,Low,Low,High,High,Low,High,High
23,7,4,1,179,51,18,38,239.554,97,0,1,0,1,0,0,89,170,31,2,Jul,Wed,No,Yes,No,No,Low,High,High,High,Low,High,High
7,7,5,1,279,5,14,39,239.554,97,0,1,2,1,1,0,68,168,24,4,Jul,Thu,No,Yes,Yes,No,High,Low,High,High,Low,High,Low
23,7,5,1,289,36,13,33,239.554,97,0,1,2,1,0,1,90,172,30,2,Jul,Thu,No,Yes,No,Yes,High,High,Low,Low,Low,High,High
23,7,6,1,179,51,18,38,239.554,97,0,1,0,1,0,0,89,170,31,2,Jul,Fri,No,Yes,No,No,Low,High,High,High,Low,High,High
22,7,6,1,361,52,3,28,239.554,97,0,1,1,1,0,4,80,172,27,8,Jul,Fri,No,Yes,No,,High,High,Low,Low,Low,High,High
23,7,6,1,260,50,11,36,239.554,97,0,1,4,1,0,0,65,168,23,4,Jul,Fri,No,Yes,No,No,High,High,Low,Low,Low,High,Low
19,7,2,1,155,12,14,34,239.554,97,0,1,2,1,0,0,95,196,25,40,Jul,Mon,No,Yes,No,No,Low,Low,High,Low,Low,High,Low
22,7,2,1,235,11,14,37,239.554,97,0,3,1,0,0,1,88,172,29,8,Jul,Mon,No,No,No,Yes,High,Low,High,Low,Low,High,High
1,7,2,1,260,50,11,36,239.554,97,0,1,4,1,0,0,65,168,23,8,Jul,Mon,No,Yes,No,No,High,High,Low,Low,Low,High,Low
1,7,3,1,260,50,11,36,239.554,97,0,1,4,1,0,0,65,168,23,8,Jul,Tue,No,Yes,No,No,High,High,Low,Low,Low,High,Low
11,7,4,1,260,50,11,36,239.554,97,0,1,4,1,0,0,65,168,23,8,Jul,Wed,No,Yes,No,No,High,High,Low,Low,Low,High,Low
11,7,4,1,179,51,18,38,239.554,97,0,1,0,1,0,0,89,170,31,1,Jul,Wed,No,Yes,No,No,Low,High,High,High,Low,High,High
23,7,4,1,179,51,18,38,239.554,97,0,1,0,1,0,0,89,170,31,4,Jul,Wed,No,Yes,No,No,Low,High,High,High,Low,High,High
14,7,6,1,246,25,16,41,239.554,97,0,1,0,1,0,0,67,170,23,8,Jul,Fri,No,Yes,No,No,High,Low,High,High,Low,High,Low
23,7,6,1,179,51,18,38,239.554,97,0,1,0,1,0,0,89,170,31,2,Jul,Fri,No,Yes,No,No,Low,High,High,High,Low,High,High
21,7,2,1,179,51,18,38,239.554,97,0,1,0,1,0,0,89,170,31,8,Jul,Mon,No,Yes,No,No,Low,High,High,High,Low,High,High
11,7,5,1,189,29,13,33,239.554,97,0,1,2,0,0,2,69,167,25,8,Jul,Thu,No,No,No,,Low,High,Low,Low,Low,High,Low
23,8,4,1,248,25,14,47,205.917,92,0,1,2,0,0,1,86,165,32,2,Aug,Wed,No,No,No,Yes,High,Low,High,High,Low,Low,High
10,8,4,1,330,16,4,28,205.917,92,0,2,0,0,0,0,84,182,25,8,Aug,Wed,No,No,No,No,High,Low,Low,Low,Low,Low,Low
11,8,2,1,179,51,18,38,205.917,92,0,1,0,1,0,0,89,170,31,1,Aug,Mon,No,Yes,No,No,Low,High,High,High,Low,Low,High
13,8,2,1,361,52,3,28,205.917,92,0,1,1,1,0,4,80,172,27,40,Aug,Mon,No,Yes,No,,High,High,Low,Low,Low,Low,High
28,8,6,1,260,50,11,36,205.917,92,0,1,4,1,0,0,65,168,23,4,Aug,Fri,No,Yes,No,No,High,High,Low,Low,Low,Low,Low
18,8,2,1,289,36,13,33,205.917,92,0,1,2,1,0,1,90,172,30,8,Aug,Mon,No,Yes,No,Yes,High,High,Low,Low,Low,Low,High
25,8,2,1,361,52,3,28,205.917,92,0,1,1,1,0,4,80,172,27,7,Aug,Mon,No,Yes,No,,High,High,Low,Low,Low,Low,High
23,8,3,1,289,36,13,33,205.917,92,0,1,2,1,0,1,90,172,30,1,Aug,Tue,No,Yes,No,Yes,High,High,Low,Low,Low,Low,High
28,8,4,1,157,27,6,29,205.917,92,0,1,0,1,1,0,75,185,22,4,Aug,Wed,No,Yes,Yes,No,Low,High,Low,Low,Low,Low,Low
18,8,4,1,289,36,13,33,205.917,92,0,1,2,1,0,1,90,172,30,8,Aug,Wed,No,Yes,No,Yes,High,High,Low,Low,Low,Low,High
23,8,6,1,179,51,18,38,205.917,92,0,1,0,1,0,0,89,170,31,2,Aug,Fri,No,Yes,No,No,Low,High,High,High,Low,Low,High
18,8,2,1,179,51,18,38,205.917,92,0,1,0,1,0,0,89,170,31,8,Aug,Mon,No,Yes,No,No,Low,High,High,High,Low,Low,High
18,8,5,1,235,29,12,48,205.917,92,0,1,1,0,1,5,88,163,33,8,Aug,Thu,No,No,Yes,,High,High,Low,High,Low,Low,High
23,8,5,1,235,11,14,37,205.917,92,0,3,1,0,0,1,88,172,29,4,Aug,Thu,No,No,No,Yes,High,Low,High,Low,Low,Low,High
18,8,2,1,235,29,12,48,205.917,92,0,1,1,0,1,5,88,163,33,8,Aug,Mon,No,No,Yes,,High,High,Low,High,Low,Low,High
23,8,2,1,179,51,18,38,205.917,92,0,1,0,1,0,0,89,170,31,2,Aug,Mon,No,Yes,No,No,Low,High,High,High,Low,Low,High
23,8,2,1,361,52,3,28,205.917,92,0,1,1,1,0,4,80,172,27,1,Aug,Mon,No,Yes,No,,High,High,Low,Low,Low,Low,High
24,8,3,1,289,36,13,33,205.917,92,0,1,2,1,0,1,90,172,30,8,Aug,Tue,No,Yes,No,Yes,High,High,Low,Low,Low,Low,High
11,8,5,1,291,50,12,32,205.917,92,0,1,0,1,0,0,65,169,23,4,Aug,Thu,No,Yes,No,No,High,High,Low,Low,Low,Low,Low
28,8,6,1,235,29,12,48,205.917,92,0,1,1,0,1,5,88,163,33,8,Aug,Fri,No,No,Yes,,High,High,Low,High,Low,Low,High
23,8,6,1,260,50,11,36,205.917,92,0,1,4,1,0,0,65,168,23,4,Aug,Fri,No,Yes,No,No,High,High,Low,Low,Low,Low,Low
23,9,3,1,184,42,7,27,241.476,92,0,1,0,0,0,0,58,167,21,2,Sep,Tue,No,No,No,No,Low,High,Low,Low,Low,Low,Low
23,9,2,1,118,10,10,37,241.476,92,0,1,0,0,0,0,83,172,28,4,Sep,Mon,No,No,No,No,Low,Low,Low,Low,Low,Low,High
23,9,3,1,179,51,18,38,241.476,92,0,1,0,1,0,0,89,170,31,4,Sep,Tue,No,Yes,No,No,Low,High,High,High,Low,Low,High
19,9,3,1,235,20,13,43,241.476,92,0,1,1,1,0,0,106,167,38,8,Sep,Tue,No,Yes,No,No,High,Low,Low,High,Low,Low,High
23,9,4,1,155,12,14,34,241.476,92,0,1,2,1,0,0,95,196,25,2,Sep,Wed,No,Yes,No,No,Low,Low,High,Low,Low,Low,Low
23,9,2,1,118,10,10,37,241.476,92,0,1,0,0,0,0,83,172,28,3,Sep,Mon,No,No,No,No,Low,Low,Low,Low,Low,Low,High
23,9,3,1,179,51,18,38,241.476,92,0,1,0,1,0,0,89,170,31,3,Sep,Tue,No,Yes,No,No,Low,High,High,High,Low,Low,High
23,9,5,1,291,31,12,40,241.476,92,0,1,1,1,0,1,73,171,25,4,Sep,Thu,No,Yes,No,Yes,High,High,Low,High,Low,Low,Low
22,9,6,1,260,50,11,36,241.476,92,0,1,4,1,0,0,65,168,23,8,Sep,Fri,No,Yes,No,No,High,High,Low,Low,Low,Low,Low
14,9,2,4,291,31,12,40,241.476,92,0,1,1,1,0,1,73,171,25,32,Sep,Mon,No,Yes,No,Yes,High,High,Low,High,Low,Low,Low
0,9,2,4,260,50,11,36,241.476,92,1,1,4,1,0,0,65,168,23,0,Sep,Mon,Yes,Yes,No,No,High,High,Low,Low,Low,Low,Low
0,9,2,4,225,26,9,28,241.476,92,1,1,1,0,0,2,69,169,24,0,Sep,Mon,Yes,No,No,,Low,Low,Low,Low,Low,Low,Low
23,9,3,4,225,26,9,28,241.476,92,0,1,1,0,0,2,69,169,24,2,Sep,Tue,No,No,No,,Low,Low,Low,Low,Low,Low,Low
23,9,3,4,118,10,10,37,241.476,92,0,1,0,0,0,0,83,172,28,2,Sep,Tue,No,No,No,No,Low,Low,Low,Low,Low,Low,High
0,9,3,4,289,36,13,33,241.476,92,1,1,2,1,0,1,90,172,30,0,Sep,Tue,Yes,Yes,No,Yes,High,High,Low,Low,Low,Low,High
0,9,3,4,118,13,18,50,241.476,92,1,1,1,1,0,0,98,178,31,0,Sep,Tue,Yes,Yes,No,No,Low,Low,High,High,Low,Low,High
18,9,4,4,225,26,9,28,241.476,92,0,1,1,0,0,2,69,169,24,3,Sep,Wed,No,No,No,,Low,Low,Low,Low,Low,Low,Low
23,9,4,4,179,51,18,38,241.476,92,0,1,0,1,0,0,89,170,31,3,Sep,Wed,No,Yes,No,No,Low,High,High,High,Low,Low,High
0,9,4,4,369,17,12,31,241.476,92,1,1,3,1,0,0,70,169,25,0,Sep,Wed,Yes,Yes,No,No,High,Low,Low,Low,Low,Low,Low
23,9,6,4,248,25,14,47,241.476,92,0,1,2,0,0,1,86,165,32,1,Sep,Fri,No,No,No,Yes,High,Low,High,High,Low,Low,High
23,9,6,4,179,51,18,38,241.476,92,0,1,0,1,0,0,89,170,31,3,Sep,Fri,No,Yes,No,No,Low,High,High,High,Low,Low,High
23,9,6,4,260,50,11,36,241.476,92,0,1,4,1,0,0,65,168,23,4,Sep,Fri,No,Yes,No,No,High,High,Low,Low,Low,Low,Low
23,10,3,4,179,51,18,38,253.465,93,0,1,0,1,0,0,89,170,31,3,Oct,Tue,No,Yes,No,No,Low,High,High,High,Low,Low,High
23,10,3,4,118,10,10,37,253.465,93,0,1,0,0,0,0,83,172,28,3,Oct,Tue,No,No,No,No,Low,Low,Low,Low,Low,Low,High
0,10,4,4,118,13,18,50,253.465,93,1,1,1,1,0,0,98,178,31,0,Oct,Wed,Yes,Yes,No,No,Low,Low,High,High,Low,Low,High
23,10,5,4,179,26,9,30,253.465,93,0,3,0,0,0,0,56,171,19,1,Oct,Thu,No,No,No,No,Low,Low,Low,Low,Low,Low,Low
23,10,6,4,179,51,18,38,253.465,93,0,1,0,1,0,0,89,170,31,3,Oct,Fri,No,Yes,No,No,Low,High,High,High,Low,Low,High
23,10,6,4,225,26,9,28,253.465,93,0,1,1,0,0,2,69,169,24,3,Oct,Fri,No,No,No,,Low,Low,Low,Low,Low,Low,Low
23,10,3,4,118,10,10,37,253.465,93,0,1,0,0,0,0,83,172,28,3,Oct,Tue,No,No,No,No,Low,Low,Low,Low,Low,Low,High
23,10,4,4,225,26,9,28,253.465,93,0,1,1,0,0,2,69,169,24,2,Oct,Wed,No,No,No,,Low,Low,Low,Low,Low,Low,Low
23,10,4,4,248,25,14,47,253.465,93,0,1,2,0,0,1,86,165,32,2,Oct,Wed,No,No,No,Yes,High,Low,High,High,Low,Low,High
23,10,5,4,291,31,12,40,253.465,93,0,1,1,1,0,1,73,171,25,5,Oct,Thu,No,Yes,No,Yes,High,High,Low,High,Low,Low,Low
23,10,4,4,179,51,18,38,253.465,93,0,1,0,1,0,0,89,170,31,8,Oct,Wed,No,Yes,No,No,Low,High,High,High,Low,Low,High
23,10,4,4,225,26,9,28,253.465,93,0,1,1,0,0,2,69,169,24,3,Oct,Wed,No,No,No,,Low,Low,Low,Low,Low,Low,Low
19,10,5,4,260,50,11,36,253.465,93,0,1,4,1,0,0,65,168,23,16,Oct,Thu,No,Yes,No,No,High,High,Low,Low,Low,Low,Low
14,10,3,4,291,31,12,40,253.465,93,0,1,1,1,0,1,73,171,25,8,Oct,Tue,No,Yes,No,Yes,High,High,Low,High,Low,Low,Low
28,10,3,4,225,26,9,28,253.465,93,0,1,1,0,0,2,69,169,24,2,Oct,Tue,No,No,No,,Low,Low,Low,Low,Low,Low,Low
26,10,4,4,289,36,13,33,253.465,93,0,1,2,1,0,1,90,172,30,8,Oct,Wed,No,Yes,No,Yes,High,High,Low,Low,Low,Low,High
23,10,6,4,361,52,3,28,253.465,93,0,1,1,1,0,4,80,172,27,1,Oct,Fri,No,Yes,No,,High,High,Low,Low,Low,Low,High
28,10,6,4,260,50,11,36,253.465,93,0,1,4,1,0,0,65,168,23,3,Oct,Fri,No,Yes,No,No,High,High,Low,Low,Low,Low,Low
23,11,5,4,179,51,18,38,306.345,93,0,1,0,1,0,0,89,170,31,1,Nov,Thu,No,Yes,No,No,Low,High,High,High,High,Low,High
23,11,4,4,225,26,9,28,306.345,93,0,1,1,0,0,2,69,169,24,1,Nov,Wed,No,No,No,,Low,Low,Low,Low,High,Low,Low
13,11,5,4,179,51,18,38,306.345,93,0,1,0,1,0,0,89,170,31,8,Nov,Thu,No,Yes,No,No,Low,High,High,High,High,Low,High
21,11,5,4,179,22,17,40,306.345,93,0,2,2,0,1,0,63,170,22,8,Nov,Thu,No,No,Yes,No,Low,Low,High,High,High,Low,Low
23,11,5,4,291,31,12,40,306.345,93,0,1,1,1,0,1,73,171,25,5,Nov,Thu,No,Yes,No,Yes,High,High,Low,High,High,Low,Low
10,11,2,4,155,12,14,34,306.345,93,0,1,2,1,0,0,95,196,25,32,Nov,Mon,No,Yes,No,No,Low,Low,High,Low,High,Low,Low
22,11,2,4,189,29,13,33,306.345,93,0,1,2,0,0,2,69,167,25,8,Nov,Mon,No,No,No,,Low,High,Low,Low,High,Low,Low
14,11,2,4,291,31,12,40,306.345,93,0,1,1,1,0,1,73,171,25,40,Nov,Mon,No,Yes,No,Yes,High,High,Low,High,High,Low,Low
23,11,4,4,225,26,9,28,306.345,93,0,1,1,0,0,2,69,169,24,1,Nov,Wed,No,No,No,,Low,Low,Low,Low,High,Low,Low
6,11,6,4,155,12,14,34,306.345,93,0,1,2,1,0,0,95,196,25,8,Nov,Fri,No,Yes,No,No,Low,Low,High,Low,High,Low,Low
23,11,4,4,225,26,9,28,306.345,93,0,1,1,0,0,2,69,169,24,3,Nov,Wed,No,No,No,,Low,Low,Low,Low,High,Low,Low
21,11,4,4,179,22,17,40,306.345,93,0,2,2,0,1,0,63,170,22,8,Nov,Wed,No,No,Yes,No,Low,Low,High,High,High,Low,Low
13,11,6,4,225,26,9,28,306.345,93,0,1,1,0,0,2,69,169,24,3,Nov,Fri,No,No,No,,Low,Low,Low,Low,High,Low,Low
28,11,6,4,260,50,11,36,306.345,93,0,1,4,1,0,0,65,168,23,4,Nov,Fri,No,Yes,No,No,High,High,Low,Low,High,Low,Low
28,11,2,4,248,25,14,47,306.345,93,0,1,2,0,0,1,86,165,32,1,Nov,Mon,No,No,No,Yes,High,Low,High,High,High,Low,High
28,11,3,4,225,26,9,28,306.345,93,0,1,1,0,0,2,69,169,24,3,Nov,Tue,No,No,No,,Low,Low,Low,Low,High,Low,Low
7,11,4,4,289,36,13,33,306.345,93,0,1,2,1,0,1,90,172,30,24,Nov,Wed,No,Yes,No,Yes,High,High,Low,Low,High,Low,High
23,11,5,4,291,31,12,40,306.345,93,0,1,1,1,0,1,73,171,25,3,Nov,Thu,No,Yes,No,Yes,High,High,Low,High,High,Low,Low
23,12,3,4,248,25,14,47,261.306,97,0,1,2,0,0,1,86,165,32,1,Dec,Tue,No,No,No,Yes,High,Low,High,High,Low,High,High
19,12,3,4,118,10,10,37,261.306,97,0,1,0,0,0,0,83,172,28,64,Dec,Tue,No,No,No,No,Low,Low,Low,Low,Low,High,High
23,12,4,4,118,13,18,50,261.306,97,0,1,1,1,0,0,98,178,31,2,Dec,Wed,No,Yes,No,No,Low,Low,High,High,Low,High,High
26,12,4,4,235,11,14,37,261.306,97,0,3,1,0,0,1,88,172,29,8,Dec,Wed,No,No,No,Yes,High,Low,High,Low,Low,High,High
23,12,5,4,225,26,9,28,261.306,97,0,1,1,0,0,2,69,169,24,2,Dec,Thu,No,No,No,,Low,Low,Low,Low,Low,High,Low
26,12,6,4,260,50,11,36,261.306,97,0,1,4,1,0,0,65,168,23,8,Dec,Fri,No,Yes,No,No,High,High,Low,Low,Low,High,Low
19,12,3,4,118,10,10,37,261.306,97,0,1,0,0,0,0,83,172,28,56,Dec,Tue,No,No,No,No,Low,Low,Low,Low,Low,High,High
22,12,4,4,361,52,3,28,261.306,97,0,1,1,1,0,4,80,172,27,8,Dec,Wed,No,Yes,No,,High,High,Low,Low,Low,High,High
28,12,5,4,225,26,9,28,261.306,97,0,1,1,0,0,2,69,169,24,3,Dec,Thu,No,No,No,,Low,Low,Low,Low,Low,High,Low
28,12,6,4,260,50,11,36,261.306,97,0,1,4,1,0,0,65,168,23,3,Dec,Fri,No,Yes,No,No,High,High,Low,Low,Low,High,Low
23,12,3,4,225,26,9,28,261.306,97,0,1,1,0,0,2,69,169,24,2,Dec,Tue,No,No,No,,Low,Low,Low,Low,Low,High,Low
22,12,4,4,361,52,3,28,261.306,97,0,1,1,1,0,4,80,172,27,8,Dec,Wed,No,Yes,No,,High,High,Low,Low,Low,High,High
27,12,6,4,118,10,10,37,261.306,97,0,1,0,0,0,0,83,172,28,2,Dec,Fri,No,No,No,No,Low,Low,Low,Low,Low,High,High
19,12,6,2,246,25,16,41,261.306,97,0,1,0,1,0,0,67,170,23,8,Dec,Fri,No,Yes,No,No,High,Low,High,High,Low,High,Low
23,12,6,2,225,26,9,28,261.306,97,0,1,1,0,0,2,69,169,24,2,Dec,Fri,No,No,No,,Low,Low,Low,Low,Low,High,Low
23,1,4,2,225,26,9,28,308.593,95,0,1,1,0,0,2,69,169,24,1,Jan,Wed,No,No,No,,Low,Low,Low,Low,High,Low,Low
19,1,2,2,118,10,10,37,308.593,95,0,1,0,0,0,0,83,172,28,1,Jan,Mon,No,No,No,No,Low,Low,Low,Low,High,Low,High
27,1,3,2,118,10,10,37,308.593,95,0,1,0,0,0,0,83,172,28,1,Jan,Tue,No,No,No,No,Low,Low,Low,Low,High,Low,High
18,1,3,2,155,12,14,34,308.593,95,0,1,2,1,0,0,95,196,25,8,Jan,Tue,No,Yes,No,No,Low,Low,High,Low,High,Low,Low
27,1,4,2,225,26,9,28,308.593,95,0,1,1,0,0,2,69,169,24,2,Jan,Wed,No,No,No,,Low,Low,Low,Low,High,Low,Low
23,1,5,2,184,42,7,27,308.593,95,0,1,0,0,0,0,58,167,21,2,Jan,Thu,No,No,No,No,Low,High,Low,Low,High,Low,Low
28,1,5,2,225,26,9,28,308.593,95,0,1,1,0,0,2,69,169,24,2,Jan,Thu,No,No,No,,Low,Low,Low,Low,High,Low,Low
27,1,6,2,225,26,9,28,308.593,95,0,1,1,0,0,2,69,169,24,1,Jan,Fri,No,No,No,,Low,Low,Low,Low,High,Low,Low
27,1,2,2,118,10,10,37,308.593,95,0,1,0,0,0,0,83,172,28,2,Jan,Mon,No,No,No,No,Low,Low,Low,Low,High,Low,High
27,1,3,2,225,26,9,28,308.593,95,0,1,1,0,0,2,69,169,24,2,Jan,Tue,No,No,No,,Low,Low,Low,Low,High,Low,Low
27,1,3,2,118,10,10,37,308.593,95,0,1,0,0,0,0,83,172,28,2,Jan,Tue,No,No,No,No,Low,Low,Low,Low,High,Low,High
27,1,4,2,118,10,10,37,308.593,95,0,1,0,0,0,0,83,172,28,2,Jan,Wed,No,No,No,No,Low,Low,Low,Low,High,Low,High
27,1,5,2,118,10,10,37,308.593,95,0,1,0,0,0,0,83,172,28,2,Jan,Thu,No,No,No,No,Low,Low,Low,Low,High,Low,High
27,1,6,2,118,10,10,37,308.593,95,0,1,0,0,0,0,83,172,28,2,Jan,Fri,No,No,No,No,Low,Low,Low,Low,High,Low,High
27,1,2,2,118,10,10,37,308.593,95,0,1,0,0,0,0,83,172,28,2,Jan,Mon,No,No,No,No,Low,Low,Low,Low,High,Low,High
27,1,3,2,118,10,10,37,308.593,95,0,1,0,0,0,0,83,172,28,2,Jan,Tue,No,No,No,No,Low,Low,Low,Low,High,Low,High
18,1,3,2,179,26,9,30,308.593,95,0,3,0,0,0,0,56,171,19,8,Jan,Tue,No,No,No,No,Low,Low,Low,Low,High,Low,Low
18,1,3,2,289,36,13,33,308.593,95,0,1,2,1,0,1,90,172,30,8,Jan,Tue,No,Yes,No,Yes,High,High,Low,Low,High,Low,High
27,1,4,2,118,10,10,37,308.593,95,0,1,0,0,0,0,83,172,28,2,Jan,Wed,No,No,No,No,Low,Low,Low,Low,High,Low,High
23,1,5,2,184,42,7,27,308.593,95,0,1,0,0,0,0,58,167,21,2,Jan,Thu,No,No,No,No,Low,High,Low,Low,High,Low,Low
27,1,5,2,118,10,10,37,308.593,95,0,1,0,0,0,0,83,172,28,2,Jan,Thu,No,No,No,No,Low,Low,Low,Low,High,Low,High
27,1,2,2,118,10,10,37,308.593,95,0,1,0,0,0,0,83,172,28,0,Jan,Mon,No,No,No,No,Low,Low,Low,Low,High,Low,High
23,1,3,2,225,26,9,28,308.593,95,0,1,1,0,0,2,69,169,24,1,Jan,Tue,No,No,No,,Low,Low,Low,Low,High,Low,Low
22,1,5,2,289,36,13,33,308.593,95,0,1,2,1,0,1,90,172,30,3,Jan,Thu,No,Yes,No,Yes,High,High,Low,Low,High,Low,High
23,2,6,2,184,42,7,27,302.585,99,0,1,0,0,0,0,58,167,21,1,Feb,Fri,No,No,No,No,Low,High,Low,Low,High,High,Low
1,2,4,2,246,25,16,41,302.585,99,0,1,0,1,0,0,67,170,23,8,Feb,Wed,No,Yes,No,No,High,Low,High,High,High,High,Low
11,2,4,2,179,51,18,38,302.585,99,0,1,0,1,0,0,89,170,31,8,Feb,Wed,No,Yes,No,No,Low,High,High,High,High,High,High
28,2,5,2,155,12,14,34,302.585,99,0,1,2,1,0,0,95,196,25,2,Feb,Thu,No,Yes,No,No,Low,Low,High,Low,High,High,Low
23,2,5,2,189,29,13,33,302.585,99,0,1,2,0,0,2,69,167,25,8,Feb,Thu,No,No,No,,Low,High,Low,Low,High,High,Low
28,2,6,2,260,50,11,36,302.585,99,0,1,4,1,0,0,65,168,23,2,Feb,Fri,No,Yes,No,No,High,High,Low,Low,High,High,Low
22,2,6,2,289,36,13,33,302.585,99,0,1,2,1,0,1,90,172,30,8,Feb,Fri,No,Yes,No,Yes,High,High,Low,Low,High,High,High
11,2,2,2,388,15,9,50,302.585,99,0,1,0,0,0,0,76,178,24,8,Feb,Mon,No,No,No,No,High,Low,Low,High,High,High,Low
1,2,3,2,388,15,9,50,302.585,99,0,1,0,0,0,0,76,178,24,8,Feb,Tue,No,No,No,No,High,Low,Low,High,High,High,Low
28,2,2,2,225,26,9,28,302.585,99,0,1,1,0,0,2,69,169,24,2,Feb,Mon,No,No,No,,Low,Low,Low,Low,High,High,Low
23,2,3,2,225,26,9,28,302.585,99,0,1,1,0,0,2,69,169,24,2,Feb,Tue,No,No,No,,Low,Low,Low,Low,High,High,Low
23,2,3,2,179,26,9,30,302.585,99,0,3,0,0,0,0,56,171,19,1,Feb,Tue,No,No,No,No,Low,Low,Low,Low,High,High,Low
23,2,3,2,184,42,7,27,302.585,99,0,1,0,0,0,0,58,167,21,8,Feb,Tue,No,No,No,No,Low,High,Low,Low,High,High,Low
25,2,5,2,225,26,9,28,302.585,99,0,1,1,0,0,2,69,169,24,3,Feb,Thu,No,No,No,,Low,Low,Low,Low,High,High,Low
18,2,2,2,330,16,4,28,302.585,99,0,2,0,0,0,0,84,182,25,8,Feb,Mon,No,No,No,No,High,Low,Low,Low,High,High,Low
23,2,3,2,330,16,4,28,302.585,99,0,2,0,0,0,0,84,182,25,1,Feb,Tue,No,No,No,No,High,Low,Low,Low,High,High,Low
23,2,4,2,225,26,9,28,302.585,99,0,1,1,0,0,2,69,169,24,1,Feb,Wed,No,No,No,,Low,Low,Low,Low,High,High,Low
19,2,5,2,189,29,13,33,302.585,99,0,1,2,0,0,2,69,167,25,8,Feb,Thu,No,No,No,,Low,High,Low,Low,High,High,Low
28,3,3,2,291,50,12,32,343.253,95,0,1,0,1,0,0,65,169,23,2,Mar,Tue,No,Yes,No,No,High,High,Low,Low,High,Low,Low
19,3,3,2,260,50,11,36,343.253,95,0,1,4,1,0,0,65,168,23,8,Mar,Tue,No,Yes,No,No,High,High,Low,Low,High,Low,Low
19,3,3,2,157,27,6,29,343.253,95,0,1,0,1,1,0,75,185,22,3,Mar,Tue,No,Yes,Yes,No,Low,High,Low,Low,High,Low,Low
17,3,3,2,179,22,17,40,343.253,95,0,2,2,0,1,0,63,170,22,8,Mar,Tue,No,No,Yes,No,Low,Low,High,High,High,Low,Low
22,3,4,2,291,31,12,40,343.253,95,0,1,1,1,0,1,73,171,25,8,Mar,Wed,No,Yes,No,Yes,High,High,Low,High,High,Low,Low
13,3,4,2,260,50,11,36,343.253,95,0,1,4,1,0,0,65,168,23,8,Mar,Wed,No,Yes,No,No,High,High,Low,Low,High,Low,Low
13,3,5,2,179,26,9,30,343.253,95,0,3,0,0,0,0,56,171,19,8,Mar,Thu,No,No,No,No,Low,Low,Low,Low,High,Low,Low
14,3,6,2,248,25,14,47,343.253,95,0,1,2,0,0,1,86,165,32,3,Mar,Fri,No,No,No,Yes,High,Low,High,High,High,Low,High
13,3,6,2,260,50,11,36,343.253,95,0,1,4,1,0,0,65,168,23,40,Mar,Fri,No,Yes,No,No,High,High,Low,Low,High,Low,Low
11,3,2,2,179,22,17,40,343.253,95,0,2,2,0,1,0,63,170,22,40,Mar,Mon,No,No,Yes,No,Low,Low,High,High,High,Low,Low
1,3,2,2,155,12,14,34,343.253,95,0,1,2,1,0,0,95,196,25,16,Mar,Mon,No,Yes,No,No,Low,Low,High,Low,High,Low,Low
26,3,2,2,260,50,11,36,343.253,95,0,1,4,1,0,0,65,168,23,16,Mar,Mon,No,Yes,No,No,High,High,Low,Low,High,Low,Low
13,3,3,2,155,12,14,34,343.253,95,0,1,2,1,0,0,95,196,25,8,Mar,Tue,No,Yes,No,No,Low,Low,High,Low,High,Low,Low
6,3,5,2,289,36,13,33,343.253,95,0,1,2,1,0,1,90,172,30,8,Mar,Thu,No,Yes,No,Yes,High,High,Low,Low,High,Low,High
8,3,5,2,179,22,17,40,343.253,95,0,2,2,0,1,0,63,170,22,8,Mar,Thu,No,No,Yes,No,Low,Low,High,High,High,Low,Low
28,3,6,2,260,50,11,36,343.253,95,0,1,4,1,0,0,65,168,23,4,Mar,Fri,No,Yes,No,No,High,High,Low,Low,High,Low,Low
23,3,6,2,225,26,9,28,343.253,95,0,1,1,0,0,2,69,169,24,1,Mar,Fri,No,No,No,,Low,Low,Low,Low,High,Low,Low
14,3,2,2,279,5,14,39,343.253,95,0,1,2,1,1,0,68,168,24,8,Mar,Mon,No,Yes,Yes,No,High,Low,High,High,High,Low,Low
13,3,3,2,179,51,18,38,343.253,95,0,1,0,1,0,0,89,170,31,24,Mar,Tue,No,Yes,No,No,Low,High,High,High,High,Low,High
23,3,4,2,225,26,9,28,343.253,95,0,1,1,0,0,2,69,169,24,2,Mar,Wed,No,No,No,,Low,Low,Low,Low,High,Low,Low
11,3,2,3,225,26,9,28,343.253,95,0,1,1,0,0,2,69,169,24,8,Mar,Mon,No,No,No,,Low,Low,Low,Low,High,Low,Low
13,3,2,3,179,26,9,30,343.253,95,0,3,0,0,0,0,56,171,19,1,Mar,Mon,No,No,No,No,Low,Low,Low,Low,High,Low,Low
11,3,3,3,225,26,9,28,343.253,95,0,1,1,0,0,2,69,169,24,8,Mar,Tue,No,No,No,,Low,Low,Low,Low,High,Low,Low
11,3,4,3,225,26,9,28,343.253,95,0,1,1,0,0,2,69,169,24,16,Mar,Wed,No,No,No,,Low,Low,Low,Low,High,Low,Low
13,3,4,3,179,51,18,38,343.253,95,0,1,0,1,0,0,89,170,31,3,Mar,Wed,No,Yes,No,No,Low,High,High,High,High,Low,High
14,3,5,3,279,5,14,39,343.253,95,0,1,2,1,1,0,68,168,24,16,Mar,Thu,No,Yes,Yes,No,High,Low,High,High,High,Low,Low
28,3,6,3,225,26,9,28,343.253,95,0,1,1,0,0,2,69,169,24,2,Mar,Fri,No,No,No,,Low,Low,Low,Low,High,Low,Low
14,3,6,3,248,25,14,47,343.253,95,0,1,2,0,0,1,86,165,32,3,Mar,Fri,No,No,No,Yes,High,Low,High,High,High,Low,High
28,3,2,3,225,26,9,28,343.253,95,0,1,1,0,0,2,69,169,24,1,Mar,Mon,No,No,No,,Low,Low,Low,Low,High,Low,Low
28,4,4,3,291,31,12,40,326.452,96,0,1,1,1,0,1,73,171,25,1,Apr,Wed,No,Yes,No,Yes,High,High,Low,High,High,High,Low
23,4,4,3,225,26,9,28,326.452,96,0,1,1,0,0,2,69,169,24,1,Apr,Wed,No,No,No,,Low,Low,Low,Low,High,High,Low
28,4,3,3,155,12,14,34,326.452,96,0,1,2,1,0,0,95,196,25,1,Apr,Tue,No,Yes,No,No,Low,Low,High,Low,High,High,Low
13,4,4,3,246,25,16,41,326.452,96,0,1,0,1,0,0,67,170,23,24,Apr,Wed,No,Yes,No,No,High,Low,High,High,High,High,Low
23,4,5,3,155,12,14,34,326.452,96,0,1,2,1,0,0,95,196,25,1,Apr,Thu,No,Yes,No,No,Low,Low,High,Low,High,High,Low
28,4,6,3,225,26,9,28,326.452,96,0,1,1,0,0,2,69,169,24,2,Apr,Fri,No,No,No,,Low,Low,Low,Low,High,High,Low
28,4,6,3,260,50,11,36,326.452,96,0,1,4,1,0,0,65,168,23,4,Apr,Fri,No,Yes,No,No,High,High,Low,Low,High,High,Low
13,4,4,3,179,51,18,38,326.452,96,0,1,0,1,0,0,89,170,31,24,Apr,Wed,No,Yes,No,No,Low,High,High,High,High,High,High
23,4,5,3,118,13,18,50,326.452,96,0,1,1,1,0,0,98,178,31,1,Apr,Thu,No,Yes,No,No,Low,Low,High,High,High,High,High
23,4,6,3,291,31,12,40,326.452,96,0,1,1,1,0,1,73,171,25,3,Apr,Fri,No,Yes,No,Yes,High,High,Low,High,High,High,Low
14,4,6,3,246,25,16,41,326.452,96,0,1,0,1,0,0,67,170,23,8,Apr,Fri,No,Yes,No,No,High,Low,High,High,High,High,Low
28,4,6,3,291,31,12,40,326.452,96,0,1,1,1,0,1,73,171,25,1,Apr,Fri,No,Yes,No,Yes,High,High,Low,High,High,High,Low
28,4,6,3,248,25,14,47,326.452,96,0,1,2,0,0,1,86,165,32,8,Apr,Fri,No,No,No,Yes,High,Low,High,High,High,High,High
19,4,6,3,260,50,11,36,326.452,96,0,1,4,1,0,0,65,168,23,56,Apr,Fri,No,Yes,No,No,High,High,Low,Low,High,High,Low
19,4,3,3,289,36,13,33,326.452,96,0,1,2,1,0,1,90,172,30,8,Apr,Tue,No,Yes,No,Yes,High,High,Low,Low,High,High,High
12,4,4,3,155,12,14,34,326.452,96,0,1,2,1,0,0,95,196,25,24,Apr,Wed,No,Yes,No,No,Low,Low,High,Low,High,High,Low
19,4,4,3,378,49,11,36,326.452,96,0,1,2,0,1,4,65,174,21,8,Apr,Wed,No,No,Yes,,High,High,Low,Low,High,High,Low
13,4,5,3,289,36,13,33,326.452,96,0,1,2,1,0,1,90,172,30,16,Apr,Thu,No,Yes,No,Yes,High,High,Low,Low,High,High,High
7,4,6,3,235,11,14,37,326.452,96,0,3,1,0,0,1,88,172,29,3,Apr,Fri,No,No,No,Yes,High,Low,High,Low,High,High,High
0,4,2,3,235,29,12,48,326.452,96,1,1,1,0,1,5,88,163,33,0,Apr,Mon,Yes,No,Yes,,High,High,Low,High,High,High,High
13,5,4,3,289,36,13,33,378.884,92,0,1,2,1,0,1,90,172,30,8,May,Wed,No,Yes,No,Yes,High,High,Low,Low,High,Low,High
28,5,5,3,155,12,14,34,378.884,92,0,1,2,1,0,0,95,196,25,2,May,Thu,No,Yes,No,No,Low,Low,High,Low,High,Low,Low
28,5,2,3,155,12,14,34,378.884,92,0,1,2,1,0,0,95,196,25,1,May,Mon,No,Yes,No,No,Low,Low,High,Low,High,Low,Low
18,5,3,3,179,51,18,38,378.884,92,0,1,0,1,0,0,89,170,31,8,May,Tue,No,Yes,No,No,Low,High,High,High,High,Low,High
19,5,3,3,225,26,9,28,378.884,92,0,1,1,0,0,2,69,169,24,8,May,Tue,No,No,No,,Low,Low,Low,Low,High,Low,Low
7,5,4,3,184,42,7,27,378.884,92,0,1,0,0,0,0,58,167,21,4,May,Wed,No,No,No,No,Low,High,Low,Low,High,Low,Low
28,5,2,3,155,12,14,34,378.884,92,0,1,2,1,0,0,95,196,25,2,May,Mon,No,Yes,No,No,Low,Low,High,Low,High,Low,Low
12,5,3,3,179,51,18,38,378.884,92,0,1,0,1,0,0,89,170,31,1,May,Tue,No,Yes,No,No,Low,High,High,High,High,Low,High
13,5,4,3,289,36,13,33,378.884,92,0,1,2,1,0,1,90,172,30,24,May,Wed,No,Yes,No,Yes,High,High,Low,Low,High,Low,High
0,5,4,3,279,5,14,39,378.884,92,1,1,2,1,1,0,68,168,24,0,May,Wed,Yes,Yes,Yes,No,High,Low,High,High,High,Low,Low
0,5,4,3,330,16,4,28,378.884,92,1,2,0,0,0,0,84,182,25,0,May,Wed,Yes,No,No,No,High,Low,Low,Low,High,Low,Low
0,5,4,3,378,49,11,36,378.884,92,1,1,2,0,1,4,65,174,21,0,May,Wed,Yes,No,Yes,,High,High,Low,Low,High,Low,Low
0,5,4,3,388,15,9,50,378.884,92,1,1,0,0,0,0,76,178,24,0,May,Wed,Yes,No,No,No,High,Low,Low,High,High,Low,Low
11,5,3,3,179,51,18,38,378.884,92,0,1,0,1,0,0,89,170,31,1,May,Tue,No,Yes,No,No,Low,High,High,High,High,Low,High
13,5,4,3,118,13,18,50,378.884,92,0,1,1,1,0,0,98,178,31,24,May,Wed,No,Yes,No,No,Low,Low,High,High,High,Low,High
22,5,6,3,361,52,3,28,378.884,92,0,1,1,1,0,4,80,172,27,8,May,Fri,No,Yes,No,,High,High,Low,Low,High,Low,High
19,6,2,3,246,25,16,41,377.55,94,0,1,0,1,0,0,67,170,23,8,Jun,Mon,No,Yes,No,No,High,Low,High,High,High,Low,Low
22,6,2,3,361,52,3,28,377.55,94,0,1,1,1,0,4,80,172,27,8,Jun,Mon,No,Yes,No,,High,High,Low,Low,High,Low,High
10,6,3,3,246,25,16,41,377.55,94,0,1,0,1,0,0,67,170,23,24,Jun,Tue,No,Yes,No,No,High,Low,High,High,High,Low,Low
23,6,5,3,291,31,12,40,377.55,94,0,1,1,1,0,1,73,171,25,4,Jun,Thu,No,Yes,No,Yes,High,High,Low,High,High,Low,Low
10,6,6,3,246,25,16,41,377.55,94,0,1,0,1,0,0,67,170,23,8,Jun,Fri,No,Yes,No,No,High,Low,High,High,High,Low,Low
11,6,2,3,179,51,18,38,377.55,94,0,1,0,1,0,0,89,170,31,8,Jun,Mon,No,Yes,No,No,Low,High,High,High,High,Low,High
23,6,2,3,155,12,14,34,377.55,94,0,1,2,1,0,0,95,196,25,4,Jun,Mon,No,Yes,No,No,Low,Low,High,Low,High,Low,Low
10,6,2,3,246,25,16,41,377.55,94,0,1,0,1,0,0,67,170,23,8,Jun,Mon,No,Yes,No,No,High,Low,High,High,High,Low,Low
13,6,4,3,118,13,18,50,377.55,94,0,1,1,1,0,0,98,178,31,8,Jun,Wed,No,Yes,No,No,Low,Low,High,High,High,Low,High
13,6,6,3,235,11,14,37,377.55,94,0,3,1,0,0,1,88,172,29,16,Jun,Fri,No,No,No,Yes,High,Low,High,Low,High,Low,High
23,6,3,3,118,13,18,50,377.55,94,0,1,1,1,0,0,98,178,31,1,Jun,Tue,No,Yes,No,No,Low,Low,High,High,High,Low,High
13,6,4,3,118,13,18,50,377.55,94,0,1,1,1,0,0,98,178,31,80,Jun,Wed,No,Yes,No,No,Low,Low,High,High,High,Low,High
22,6,5,3,378,49,11,36,377.55,94,0,1,2,0,1,4,65,174,21,8,Jun,Thu,No,No,Yes,,High,High,Low,Low,High,Low,Low
11,6,6,3,179,51,18,38,377.55,94,0,1,0,1,0,0,89,170,31,2,Jun,Fri,No,Yes,No,No,Low,High,High,High,High,Low,High
28,6,2,1,289,48,29,49,377.55,94,0,1,0,0,0,2,108,172,36,2,Jun,Mon,No,No,No,,High,High,High,High,High,Low,High
28,6,5,1,225,26,9,28,377.55,94,0,1,1,0,0,2,69,169,24,2,Jun,Thu,No,No,No,,Low,Low,Low,Low,High,Low,Low
19,7,3,1,155,12,14,34,275.312,98,0,1,2,1,0,0,95,196,25,16,Jul,Tue,No,Yes,No,No,Low,Low,High,Low,High,High,Low
1,7,4,1,118,13,18,50,275.312,98,0,1,1,1,0,0,98,178,31,8,Jul,Wed,No,Yes,No,No,Low,Low,High,High,High,High,High
5,7,6,1,118,10,10,37,275.312,98,0,1,0,0,0,0,83,172,28,8,Jul,Fri,No,No,No,No,Low,Low,Low,Low,High,High,High
26,7,6,1,118,10,10,37,275.312,98,0,1,0,0,0,0,83,172,28,4,Jul,Fri,No,No,No,No,Low,Low,Low,Low,High,High,High
26,7,3,1,330,16,4,28,275.312,98,0,2,0,0,0,0,84,182,25,8,Jul,Tue,No,No,No,No,High,Low,Low,Low,High,High,Low
18,7,5,1,179,26,9,30,275.312,98,0,3,0,0,0,0,56,171,19,8,Jul,Thu,No,No,No,No,Low,Low,Low,Low,High,High,Low
25,7,6,1,155,12,14,34,275.312,98,0,1,2,1,0,0,95,196,25,2,Jul,Fri,No,Yes,No,No,Low,Low,High,Low,High,High,Low
1,7,2,1,330,16,4,28,275.312,98,0,2,0,0,0,0,84,182,25,8,Jul,Mon,No,No,No,No,High,Low,Low,Low,High,High,Low
1,7,3,1,330,16,4,28,275.312,98,0,2,0,0,0,0,84,182,25,8,Jul,Tue,No,No,No,No,High,Low,Low,Low,High,High,Low
25,7,2,1,157,27,6,29,275.312,98,0,1,0,1,1,0,75,185,22,3,Jul,Mon,No,Yes,Yes,No,Low,High,Low,Low,High,High,Low
22,7,3,1,361,52,3,28,275.312,98,0,1,1,1,0,4,80,172,27,8,Jul,Tue,No,Yes,No,,High,High,Low,Low,High,High,High
26,7,4,1,289,36,13,33,275.312,98,0,1,2,1,0,1,90,172,30,8,Jul,Wed,No,Yes,No,Yes,High,High,Low,Low,High,High,High
26,7,5,1,179,51,18,38,275.312,98,0,1,0,1,0,0,89,170,31,8,Jul,Thu,No,Yes,No,No,Low,High,High,High,High,High,High
19,7,2,1,289,36,13,33,275.312,98,0,1,2,1,0,1,90,172,30,32,Jul,Mon,No,Yes,No,Yes,High,High,Low,Low,High,High,High
19,7,5,1,289,36,13,33,275.312,98,0,1,2,1,0,1,90,172,30,8,Jul,Thu,No,Yes,No,Yes,High,High,Low,Low,High,High,High
0,7,5,1,260,50,11,36,275.312,98,1,1,4,1,0,0,65,168,23,0,Jul,Thu,Yes,Yes,No,No,High,High,Low,Low,High,High,Low
19,8,6,1,289,36,13,33,265.615,94,0,1,2,1,0,1,90,172,30,8,Aug,Fri,No,Yes,No,Yes,High,High,Low,Low,High,Low,High
19,8,6,1,157,27,6,29,265.615,94,0,1,0,1,1,0,75,185,22,3,Aug,Fri,No,Yes,Yes,No,Low,High,Low,Low,High,Low,Low
23,8,2,1,289,36,13,33,265.615,94,0,1,2,1,0,1,90,172,30,1,Aug,Mon,No,Yes,No,Yes,High,High,Low,Low,High,Low,High
18,8,3,1,228,14,16,58,265.615,94,0,1,2,0,0,1,65,172,22,8,Aug,Tue,No,No,No,Yes,High,Low,High,High,High,Low,Low
13,8,5,1,300,26,13,43,265.615,94,0,1,2,1,1,1,77,175,25,1,Aug,Thu,No,Yes,Yes,Yes,High,Low,Low,High,High,Low,Low
14,8,5,1,300,26,13,43,265.615,94,0,1,2,1,1,1,77,175,25,2,Aug,Thu,No,Yes,Yes,Yes,High,Low,Low,High,High,Low,Low
28,8,6,1,260,50,11,36,265.615,94,0,1,4,1,0,0,65,168,23,4,Aug,Fri,No,Yes,No,No,High,High,Low,Low,High,Low,Low
23,8,3,1,289,36,13,33,265.615,94,0,1,2,1,0,1,90,172,30,4,Aug,Tue,No,Yes,No,Yes,High,High,Low,Low,High,Low,High
23,8,4,1,248,25,14,47,265.615,94,0,1,2,0,0,1,86,165,32,1,Aug,Wed,No,No,No,Yes,High,Low,High,High,High,Low,High
11,8,5,1,268,11,8,33,265.615,94,0,2,0,0,0,0,79,178,25,8,Aug,Thu,No,No,No,No,High,Low,Low,Low,High,Low,Low
23,8,5,1,179,26,9,30,265.615,94,0,3,0,0,0,0,56,171,19,1,Aug,Thu,No,No,No,No,Low,Low,Low,Low,High,Low,Low
13,8,5,1,118,13,18,50,265.615,94,0,1,1,1,0,0,98,178,31,3,Aug,Thu,No,Yes,No,No,Low,Low,High,High,High,Low,High
25,8,2,1,248,25,14,47,265.615,94,0,1,2,0,0,1,86,165,32,2,Aug,Mon,No,No,No,Yes,High,Low,High,High,High,Low,High
23,8,3,1,235,11,14,37,265.615,94,0,3,1,0,0,1,88,172,29,1,Aug,Tue,No,No,No,Yes,High,Low,High,Low,High,Low,High
23,8,5,1,118,13,18,50,265.615,94,0,1,1,1,0,0,98,178,31,1,Aug,Thu,No,Yes,No,No,Low,Low,High,High,High,Low,High
19,8,5,1,235,11,14,37,265.615,94,0,3,1,0,0,1,88,172,29,8,Aug,Thu,No,No,No,Yes,High,Low,High,Low,High,Low,High
8,8,3,1,361,52,3,28,265.615,94,0,1,1,1,0,4,80,172,27,8,Aug,Tue,No,Yes,No,,High,High,Low,Low,High,Low,High
6,8,4,1,184,42,7,27,265.615,94,0,1,0,0,0,0,58,167,21,8,Aug,Wed,No,No,No,No,Low,High,Low,Low,High,Low,Low
11,9,2,1,179,51,18,38,294.217,81,0,1,0,1,0,0,89,170,31,8,Sep,Mon,No,Yes,No,No,Low,High,High,High,High,Low,High
23,9,6,1,179,51,18,38,294.217,81,0,1,0,1,0,0,89,170,31,3,Sep,Fri,No,Yes,No,No,Low,High,High,High,High,Low,High
19,9,4,1,289,36,13,33,294.217,81,0,1,2,1,0,1,90,172,30,24,Sep,Wed,No,Yes,No,Yes,High,High,Low,Low,High,Low,High
0,9,5,1,235,20,13,43,294.217,81,1,1,1,1,0,0,106,167,38,0,Sep,Thu,Yes,Yes,No,No,High,Low,Low,High,High,Low,High
9,9,2,1,246,25,16,41,294.217,81,0,1,0,1,0,0,67,170,23,16,Sep,Mon,No,Yes,No,No,High,Low,High,High,High,Low,Low
28,9,3,1,291,31,12,40,294.217,81,0,1,1,1,0,1,73,171,25,3,Sep,Tue,No,Yes,No,Yes,High,High,Low,High,High,Low,Low
0,9,3,1,231,35,14,39,294.217,81,1,1,2,1,0,2,100,170,35,0,Sep,Tue,Yes,Yes,No,,High,High,High,High,High,Low,High
0,9,3,1,291,50,12,32,294.217,81,1,1,0,1,0,0,65,169,23,0,Sep,Tue,Yes,Yes,No,No,High,High,Low,Low,High,Low,Low
13,9,4,1,179,51,18,38,294.217,81,0,1,0,1,0,0,89,170,31,8,Sep,Wed,No,Yes,No,No,Low,High,High,High,High,Low,High
9,9,4,1,246,25,16,41,294.217,81,0,1,0,1,0,0,67,170,23,32,Sep,Wed,No,Yes,No,No,High,Low,High,High,High,Low,Low
23,9,5,1,179,51,18,38,294.217,81,0,1,0,1,0,0,89,170,31,1,Sep,Thu,No,Yes,No,No,Low,High,High,High,High,Low,High
28,9,6,1,291,31,12,40,294.217,81,0,1,1,1,0,1,73,171,25,4,Sep,Fri,No,Yes,No,Yes,High,High,Low,High,High,Low,Low
28,9,6,1,260,50,11,36,294.217,81,0,1,4,1,0,0,65,168,23,4,Sep,Fri,No,Yes,No,No,High,High,Low,Low,High,Low,Low
26,9,4,4,235,20,13,43,294.217,81,0,1,1,1,0,0,106,167,38,8,Sep,Wed,No,Yes,No,No,High,Low,Low,High,High,Low,High
28,9,5,4,118,13,18,50,294.217,81,0,1,1,1,0,0,98,178,31,1,Sep,Thu,No,Yes,No,No,Low,Low,High,High,High,Low,High
0,9,5,4,235,20,13,43,294.217,81,1,1,1,1,0,0,106,167,38,0,Sep,Thu,Yes,Yes,No,No,High,Low,Low,High,High,Low,High
28,9,6,4,291,31,12,40,294.217,81,0,1,1,1,0,1,73,171,25,3,Sep,Fri,No,Yes,No,Yes,High,High,Low,High,High,Low,Low
7,9,2,4,291,31,12,40,294.217,81,0,1,1,1,0,1,73,171,25,40,Sep,Mon,No,Yes,No,Yes,High,High,Low,High,High,Low,Low
13,9,2,4,179,51,18,38,294.217,81,0,1,0,1,0,0,89,170,31,8,Sep,Mon,No,Yes,No,No,Low,High,High,High,High,Low,High
24,10,2,4,289,36,13,33,265.017,88,0,1,2,1,0,1,90,172,30,8,Oct,Mon,No,Yes,No,Yes,High,High,Low,Low,High,Low,High
26,10,2,4,235,11,14,37,265.017,88,0,3,1,0,0,1,88,172,29,4,Oct,Mon,No,No,No,Yes,High,Low,High,Low,High,Low,High
26,10,2,4,289,36,13,33,265.017,88,0,1,2,1,0,1,90,172,30,8,Oct,Mon,No,Yes,No,Yes,High,High,Low,Low,High,Low,High
22,10,6,4,289,36,13,33,265.017,88,0,1,2,1,0,1,90,172,30,8,Oct,Fri,No,Yes,No,Yes,High,High,Low,Low,High,Low,High
0,10,6,4,118,13,18,50,265.017,88,1,1,1,1,0,0,98,178,31,0,Oct,Fri,Yes,Yes,No,No,Low,Low,High,High,High,Low,High
0,10,6,4,248,25,14,47,265.017,88,1,1,2,0,0,1,86,165,32,0,Oct,Fri,Yes,No,No,Yes,High,Low,High,High,High,Low,High
1,10,2,4,179,26,9,30,265.017,88,0,3,0,0,0,0,56,171,19,8,Oct,Mon,No,No,No,No,Low,Low,Low,Low,High,Low,Low
7,10,2,4,118,10,10,37,265.017,88,0,1,0,0,0,0,83,172,28,3,Oct,Mon,No,No,No,No,Low,Low,Low,Low,High,Low,High
22,10,2,4,369,17,12,31,265.017,88,0,1,3,1,0,0,70,169,25,8,Oct,Mon,No,Yes,No,No,High,Low,Low,Low,High,Low,Low
28,10,4,4,179,51,18,38,265.017,88,0,1,0,1,0,0,89,170,31,1,Oct,Wed,No,Yes,No,No,Low,High,High,High,High,Low,High
1,10,4,4,179,26,9,30,265.017,88,0,3,0,0,0,0,56,171,19,64,Oct,Wed,No,No,No,No,Low,Low,Low,Low,High,Low,Low
0,10,4,4,235,20,13,43,265.017,88,1,1,1,1,0,0,106,167,38,0,Oct,Wed,Yes,Yes,No,No,High,Low,Low,High,High,Low,High
19,10,5,4,289,36,13,33,265.017,88,0,1,2,1,0,1,90,172,30,16,Oct,Thu,No,Yes,No,Yes,High,High,Low,Low,High,Low,High
28,10,6,4,260,50,11,36,265.017,88,0,1,4,1,0,0,65,168,23,3,Oct,Fri,No,Yes,No,No,High,High,Low,Low,High,Low,Low
0,10,6,4,235,20,13,43,265.017,88,1,1,1,1,0,0,106,167,38,0,Oct,Fri,Yes,Yes,No,No,High,Low,Low,High,High,Low,High
23,10,2,4,235,20,13,43,265.017,88,0,1,1,1,0,0,106,167,38,2,Oct,Mon,No,Yes,No,No,High,Low,Low,High,High,Low,High
23,10,2,4,235,20,13,43,265.017,88,0,1,1,1,0,0,106,167,38,2,Oct,Mon,No,Yes,No,No,High,Low,Low,High,High,Low,High
28,10,3,4,118,13,18,50,265.017,88,0,1,1,1,0,0,98,178,31,1,Oct,Tue,No,Yes,No,No,Low,Low,High,High,High,Low,High
28,10,3,4,291,31,12,40,265.017,88,0,1,1,1,0,1,73,171,25,4,Oct,Tue,No,Yes,No,Yes,High,High,Low,High,High,Low,Low
23,10,5,4,179,26,9,30,265.017,88,0,3,0,0,0,0,56,171,19,16,Oct,Thu,No,No,No,No,Low,Low,Low,Low,High,Low,Low
28,10,5,4,118,13,18,50,265.017,88,0,1,1,1,0,0,98,178,31,1,Oct,Thu,No,Yes,No,No,Low,Low,High,High,High,Low,High
10,10,2,4,361,52,3,28,265.017,88,0,1,1,1,0,4,80,172,27,8,Oct,Mon,No,Yes,No,,High,High,Low,Low,High,Low,High
0,10,3,4,260,50,11,36,265.017,88,1,1,4,1,0,0,65,168,23,0,Oct,Tue,Yes,Yes,No,No,High,High,Low,Low,High,Low,Low
0,10,3,4,291,31,12,40,265.017,88,1,1,1,1,0,1,73,171,25,0,Oct,Tue,Yes,Yes,No,Yes,High,High,Low,High,High,Low,Low
0,10,3,4,157,27,6,29,265.017,88,1,1,0,1,1,0,75,185,22,0,Oct,Tue,Yes,Yes,Yes,No,Low,High,Low,Low,High,Low,Low
1,10,4,4,179,26,9,30,265.017,88,0,3,0,0,0,0,56,171,19,5,Oct,Wed,No,No,No,No,Low,Low,Low,Low,High,Low,Low
7,10,4,4,179,26,9,30,265.017,88,0,3,0,0,0,0,56,171,19,5,Oct,Wed,No,No,No,No,Low,Low,Low,Low,High,Low,Low
23,10,5,4,118,13,18,50,265.017,88,0,1,1,1,0,0,98,178,31,1,Oct,Thu,No,Yes,No,No,Low,Low,High,High,High,Low,High
11,11,2,4,118,10,10,37,284.031,97,0,1,0,0,0,0,83,172,28,8,Nov,Mon,No,No,No,No,Low,Low,Low,Low,High,High,High
23,11,2,4,248,25,14,47,284.031,97,0,1,2,0,0,1,86,165,32,2,Nov,Mon,No,No,No,Yes,High,Low,High,High,High,High,High
6,11,3,4,179,51,18,38,284.031,97,0,1,0,1,0,0,89,170,31,8,Nov,Tue,No,Yes,No,No,Low,High,High,High,High,High,High
28,11,6,4,260,50,11,36,284.031,97,0,1,4,1,0,0,65,168,23,3,Nov,Fri,No,Yes,No,No,High,High,Low,Low,High,High,Low
23,11,2,4,291,31,12,40,284.031,97,0,1,1,1,0,1,73,171,25,1,Nov,Mon,No,Yes,No,Yes,High,High,Low,High,High,High,Low
1,11,2,4,378,49,11,36,284.031,97,0,1,2,0,1,4,65,174,21,8,Nov,Mon,No,No,Yes,,High,High,Low,Low,High,High,Low
11,11,2,4,155,12,14,34,284.031,97,0,1,2,1,0,0,95,196,25,120,Nov,Mon,No,Yes,No,No,Low,Low,High,Low,High,High,Low
26,11,2,4,235,20,13,43,284.031,97,0,1,1,1,0,0,106,167,38,8,Nov,Mon,No,Yes,No,No,High,Low,Low,High,High,High,High
0,11,3,4,330,16,4,28,284.031,97,1,2,0,0,0,0,84,182,25,0,Nov,Tue,Yes,No,No,No,High,Low,Low,Low,High,High,Low
18,11,4,4,235,11,14,37,284.031,97,0,3,1,0,0,1,88,172,29,1,Nov,Wed,No,No,No,Yes,High,Low,High,Low,High,High,High
11,11,4,4,118,10,10,37,284.031,97,0,1,0,0,0,0,83,172,28,3,Nov,Wed,No,No,No,No,Low,Low,Low,Low,High,High,High
25,11,5,4,235,11,14,37,284.031,97,0,3,1,0,0,1,88,172,29,2,Nov,Thu,No,No,No,Yes,High,Low,High,Low,High,High,High
28,11,5,4,179,51,18,38,284.031,97,0,1,0,1,0,0,89,170,31,3,Nov,Thu,No,Yes,No,No,Low,High,High,High,High,High,High
13,11,6,4,246,25,16,41,284.031,97,0,1,0,1,0,0,67,170,23,8,Nov,Fri,No,Yes,No,No,High,Low,High,High,High,High,Low
12,11,6,4,291,31,12,40,284.031,97,0,1,1,1,0,1,73,171,25,4,Nov,Fri,No,Yes,No,Yes,High,High,Low,High,High,High,Low
13,11,2,4,246,25,16,41,284.031,97,0,1,0,1,0,0,67,170,23,8,Nov,Mon,No,Yes,No,No,High,Low,High,High,High,High,Low
28,11,3,4,179,51,18,38,284.031,97,0,1,0,1,0,0,89,170,31,1,Nov,Tue,No,Yes,No,No,Low,High,High,High,High,High,High
10,11,4,4,260,50,11,36,284.031,97,0,1,4,1,0,0,65,168,23,8,Nov,Wed,No,Yes,No,No,High,High,Low,Low,High,High,Low
15,11,6,4,260,50,11,36,284.031,97,0,1,4,1,0,0,65,168,23,8,Nov,Fri,No,Yes,No,No,High,High,Low,Low,High,High,Low
0,11,6,4,378,49,11,36,284.031,97,1,1,2,0,1,4,65,174,21,0,Nov,Fri,Yes,No,Yes,,High,High,Low,Low,High,High,Low
0,11,3,4,279,5,14,39,284.031,97,1,1,2,1,1,0,68,168,24,0,Nov,Tue,Yes,Yes,Yes,No,High,Low,High,High,High,High,Low
23,11,5,4,179,51,18,38,284.031,97,0,1,0,1,0,0,89,170,31,1,Nov,Thu,No,Yes,No,No,Low,High,High,High,High,High,High
12,12,2,4,225,26,9,28,236.629,93,0,1,1,0,0,2,69,169,24,3,Dec,Mon,No,No,No,,Low,Low,Low,Low,Low,Low,Low
28,12,2,4,179,51,18,38,236.629,93,0,1,0,1,0,0,89,170,31,2,Dec,Mon,No,Yes,No,No,Low,High,High,High,Low,Low,High
28,12,2,4,179,51,18,38,236.629,93,0,1,0,1,0,0,89,170,31,1,Dec,Mon,No,Yes,No,No,Low,High,High,High,Low,Low,High
23,12,2,4,235,11,14,37,236.629,93,0,3,1,0,0,1,88,172,29,3,Dec,Mon,No,No,No,Yes,High,Low,High,Low,Low,Low,High
28,12,3,4,118,13,18,50,236.629,93,0,1,1,1,0,0,98,178,31,1,Dec,Tue,No,Yes,No,No,Low,Low,High,High,Low,Low,High
28,12,6,4,260,50,11,36,236.629,93,0,1,4,1,0,0,65,168,23,4,Dec,Fri,No,Yes,No,No,High,High,Low,Low,Low,Low,Low
4,12,5,4,246,25,16,41,236.629,93,0,1,0,1,0,0,67,170,23,8,Dec,Thu,No,Yes,No,No,High,Low,High,High,Low,Low,Low
28,12,5,4,179,51,18,38,236.629,93,0,1,0,1,0,0,89,170,31,1,Dec,Thu,No,Yes,No,No,Low,High,High,High,Low,Low,High
28,12,6,4,179,51,18,38,236.629,93,0,1,0,1,0,0,89,170,31,1,Dec,Fri,No,Yes,No,No,Low,High,High,High,Low,Low,High
23,12,3,4,179,26,9,30,236.629,93,0,3,0,0,0,0,56,171,19,1,Dec,Tue,No,No,No,No,Low,Low,Low,Low,Low,Low,Low
25,12,3,4,118,10,10,37,236.629,93,0,1,0,0,0,0,83,172,28,8,Dec,Tue,No,No,No,No,Low,Low,Low,Low,Low,Low,High
25,12,5,4,235,11,14,37,236.629,93,0,3,1,0,0,1,88,172,29,2,Dec,Thu,No,No,No,Yes,High,Low,High,Low,Low,Low,High
28,12,6,4,179,51,18,38,236.629,93,0,1,0,1,0,0,89,170,31,1,Dec,Fri,No,Yes,No,No,Low,High,High,High,Low,Low,High
13,12,3,2,235,20,13,43,236.629,93,0,1,1,1,0,0,106,167,38,8,Dec,Tue,No,Yes,No,No,High,Low,Low,High,Low,Low,High
14,12,3,2,235,11,14,37,236.629,93,0,3,1,0,0,1,88,172,29,4,Dec,Tue,No,No,No,Yes,High,Low,High,Low,Low,Low,High
26,12,4,2,260,50,11,36,236.629,93,0,1,4,1,0,0,65,168,23,8,Dec,Wed,No,Yes,No,No,High,High,Low,Low,Low,Low,Low
28,12,2,2,157,27,6,29,236.629,93,0,1,0,1,1,0,75,185,22,2,Dec,Mon,No,Yes,Yes,No,Low,High,Low,Low,Low,Low,Low
28,12,2,2,179,51,18,38,236.629,93,0,1,0,1,0,0,89,170,31,3,Dec,Mon,No,Yes,No,No,Low,High,High,High,Low,Low,High
19,12,2,2,289,36,13,33,236.629,93,0,1,2,1,0,1,90,172,30,8,Dec,Mon,No,Yes,No,Yes,High,High,Low,Low,Low,Low,High
23,1,4,2,225,26,9,28,330.061,100,0,1,1,0,0,2,69,169,24,5,Jan,Wed,No,No,No,,Low,Low,Low,Low,High,High,Low
19,1,2,2,118,10,10,37,330.061,100,0,1,0,0,0,0,83,172,28,32,Jan,Mon,No,No,No,No,Low,Low,Low,Low,High,High,High
23,1,2,2,155,12,14,34,330.061,100,0,1,2,1,0,0,95,196,25,2,Jan,Mon,No,Yes,No,No,Low,Low,High,Low,High,High,Low
13,1,3,2,235,11,14,37,330.061,100,0,3,1,0,0,1,88,172,29,1,Jan,Tue,No,No,No,Yes,High,Low,High,Low,High,High,High
23,1,3,2,155,12,14,34,330.061,100,0,1,2,1,0,0,95,196,25,4,Jan,Tue,No,Yes,No,No,Low,Low,High,Low,High,High,Low
26,1,2,2,289,36,13,33,330.061,100,0,1,2,1,0,1,90,172,30,8,Jan,Mon,No,Yes,No,Yes,High,High,Low,Low,High,High,High
3,1,4,2,291,31,12,40,330.061,100,0,1,1,1,0,1,73,171,25,8,Jan,Wed,No,Yes,No,Yes,High,High,Low,High,High,High,Low
26,1,2,2,235,20,13,43,330.061,100,0,1,1,1,0,0,106,167,38,8,Jan,Mon,No,Yes,No,No,High,Low,Low,High,High,High,High
26,1,2,2,118,13,18,50,330.061,100,0,1,1,1,0,0,98,178,31,4,Jan,Mon,No,Yes,No,No,Low,Low,High,High,High,High,High
28,1,4,2,179,51,18,38,330.061,100,0,1,0,1,0,0,89,170,31,1,Jan,Wed,No,Yes,No,No,Low,High,High,High,High,High,High
28,1,6,2,179,51,18,38,330.061,100,0,1,0,1,0,0,89,170,31,1,Jan,Fri,No,Yes,No,No,Low,High,High,High,High,High,High
28,2,3,2,118,10,10,37,251.818,96,0,1,0,0,0,0,83,172,28,2,Feb,Tue,No,No,No,No,Low,Low,Low,Low,Low,High,High
27,2,4,2,179,51,18,38,251.818,96,0,1,0,1,0,0,89,170,31,3,Feb,Wed,No,Yes,No,No,Low,High,High,High,Low,High,High
7,2,4,2,225,26,9,28,251.818,96,0,1,1,0,0,2,69,169,24,1,Feb,Wed,No,No,No,,Low,Low,Low,Low,Low,High,Low
22,2,6,2,289,36,13,33,251.818,96,0,1,2,1,0,1,90,172,30,3,Feb,Fri,No,Yes,No,Yes,High,High,Low,Low,Low,High,High
28,2,6,2,260,50,11,36,251.818,96,0,1,4,1,0,0,65,168,23,3,Feb,Fri,No,Yes,No,No,High,High,Low,Low,Low,High,Low
23,2,6,2,179,51,18,38,251.818,96,0,1,0,1,0,0,89,170,31,3,Feb,Fri,No,Yes,No,No,Low,High,High,High,Low,High,High
27,2,2,2,179,51,18,38,251.818,96,0,1,0,1,0,0,89,170,31,2,Feb,Mon,No,Yes,No,No,Low,High,High,High,Low,High,High
27,2,4,2,179,51,18,38,251.818,96,0,1,0,1,0,0,89,170,31,3,Feb,Wed,No,Yes,No,No,Low,High,High,High,Low,High,High
10,2,5,2,179,51,18,38,251.818,96,0,1,0,1,0,0,89,170,31,8,Feb,Thu,No,Yes,No,No,Low,High,High,High,Low,High,High
26,2,5,2,246,25,16,41,251.818,96,0,1,0,1,0,0,67,170,23,8,Feb,Thu,No,Yes,No,No,High,Low,High,High,Low,High,Low
27,2,6,2,179,51,18,38,251.818,96,0,1,0,1,0,0,89,170,31,3,Feb,Fri,No,Yes,No,No,Low,High,High,High,Low,High,High
22,2,2,2,189,29,13,33,251.818,96,0,1,2,0,0,2,69,167,25,8,Feb,Mon,No,No,No,,Low,High,Low,Low,Low,High,Low
27,2,2,2,179,51,18,38,251.818,96,0,1,0,1,0,0,89,170,31,3,Feb,Mon,No,Yes,No,No,Low,High,High,High,Low,High,High
23,2,3,2,246,25,16,41,251.818,96,0,1,0,1,0,0,67,170,23,2,Feb,Tue,No,Yes,No,No,High,Low,High,High,Low,High,Low
23,2,3,2,291,31,12,40,251.818,96,0,1,1,1,0,1,73,171,25,2,Feb,Tue,No,Yes,No,Yes,High,High,Low,High,Low,High,Low
11,2,4,2,157,27,6,29,251.818,96,0,1,0,1,1,0,75,185,22,16,Feb,Wed,No,Yes,Yes,No,Low,High,Low,Low,Low,High,Low
27,2,4,2,179,51,18,38,251.818,96,0,1,0,1,0,0,89,170,31,3,Feb,Wed,No,Yes,No,No,Low,High,High,High,Low,High,High
27,2,6,2,179,51,18,38,251.818,96,0,1,0,1,0,0,89,170,31,3,Feb,Fri,No,Yes,No,No,Low,High,High,High,Low,High,High
10,2,6,2,246,25,16,41,251.818,96,0,1,0,1,0,0,67,170,23,24,Feb,Fri,No,Yes,No,No,High,Low,High,High,Low,High,Low
27,2,4,2,179,51,18,38,251.818,96,0,1,0,1,0,0,89,170,31,3,Feb,Wed,No,Yes,No,No,Low,High,High,High,Low,High,High
27,2,6,2,179,51,18,38,251.818,96,0,1,0,1,0,0,89,170,31,3,Feb,Fri,No,Yes,No,No,Low,High,High,High,Low,High,High
18,3,3,2,118,10,10,37,244.387,98,0,1,0,0,0,0,83,172,28,8,Mar,Tue,No,No,No,No,Low,Low,Low,Low,Low,High,High
19,3,4,2,246,25,16,41,244.387,98,0,1,0,1,0,0,67,170,23,16,Mar,Wed,No,Yes,No,No,High,Low,High,High,Low,High,Low
28,3,6,2,246,25,16,41,244.387,98,0,1,0,1,0,0,67,170,23,2,Mar,Fri,No,Yes,No,No,High,Low,High,High,Low,High,Low
28,3,6,2,260,50,11,36,244.387,98,0,1,4,1,0,0,65,168,23,4,Mar,Fri,No,Yes,No,No,High,High,Low,Low,Low,High,Low
28,3,2,2,179,51,18,38,244.387,98,0,1,0,1,0,0,89,170,31,2,Mar,Mon,No,Yes,No,No,Low,High,High,High,Low,High,High
22,3,2,2,235,11,14,37,244.387,98,0,3,1,0,0,1,88,172,29,8,Mar,Mon,No,No,No,Yes,High,Low,High,Low,Low,High,High
22,3,3,2,179,22,17,40,244.387,98,0,2,2,0,1,0,63,170,22,8,Mar,Tue,No,No,Yes,No,Low,Low,High,High,Low,High,Low
22,3,3,2,378,49,11,36,244.387,98,0,1,2,0,1,4,65,174,21,8,Mar,Tue,No,No,Yes,,High,High,Low,Low,Low,High,Low
28,3,2,2,179,51,18,38,244.387,98,0,1,0,1,0,0,89,170,31,16,Mar,Mon,No,Yes,No,No,Low,High,High,High,Low,High,High
22,3,4,2,361,52,3,28,244.387,98,0,1,1,1,0,4,80,172,27,8,Mar,Wed,No,Yes,No,,High,High,Low,Low,Low,High,High
0,3,4,2,369,17,12,31,244.387,98,1,1,3,1,0,0,70,169,25,0,Mar,Wed,Yes,Yes,No,No,High,Low,Low,Low,Low,High,Low
21,3,5,2,235,11,14,37,244.387,98,0,3,1,0,0,1,88,172,29,8,Mar,Thu,No,No,No,Yes,High,Low,High,Low,Low,High,High
23,3,6,3,118,13,18,50,244.387,98,0,1,1,1,0,0,98,178,31,2,Mar,Fri,No,Yes,No,No,Low,Low,High,High,Low,High,High
14,3,3,3,118,13,18,50,244.387,98,0,1,1,1,0,0,98,178,31,3,Mar,Tue,No,Yes,No,No,Low,Low,High,High,Low,High,High
13,3,4,3,118,13,18,50,244.387,98,0,1,1,1,0,0,98,178,31,8,Mar,Wed,No,Yes,No,No,Low,Low,High,High,Low,High,High
0,3,5,3,235,11,14,37,244.387,98,1,3,1,0,0,1,88,172,29,0,Mar,Thu,Yes,No,No,Yes,High,Low,High,Low,Low,High,High
0,3,5,3,246,25,16,41,244.387,98,1,1,0,1,0,0,67,170,23,0,Mar,Thu,Yes,Yes,No,No,High,Low,High,High,Low,High,Low
0,3,5,3,118,13,18,50,244.387,98,1,1,1,1,0,0,98,178,31,0,Mar,Thu,Yes,Yes,No,No,Low,Low,High,High,Low,High,High
28,3,6,3,179,51,18,38,244.387,98,0,1,0,1,0,0,89,170,31,8,Mar,Fri,No,Yes,No,No,Low,High,High,High,Low,High,High
22,3,6,3,289,36,13,33,244.387,98,0,1,2,1,0,1,90,172,30,8,Mar,Fri,No,Yes,No,Yes,High,High,Low,Low,Low,High,High
19,3,2,3,260,50,11,36,244.387,98,0,1,4,1,0,0,65,168,23,8,Mar,Mon,No,Yes,No,No,High,High,Low,Low,Low,High,Low
28,3,3,3,246,25,16,41,244.387,98,0,1,0,1,0,0,67,170,23,2,Mar,Tue,No,Yes,No,No,High,Low,High,High,Low,High,Low
28,4,4,3,179,51,18,38,239.409,98,0,1,0,1,0,0,89,170,31,4,Apr,Wed,No,Yes,No,No,Low,High,High,High,Low,High,High
28,4,6,3,260,50,11,36,239.409,98,0,1,4,1,0,0,65,168,23,3,Apr,Fri,No,Yes,No,No,High,High,Low,Low,Low,High,Low
26,4,6,3,330,16,4,28,239.409,98,0,2,0,0,0,0,84,182,25,4,Apr,Fri,No,No,No,No,High,Low,Low,Low,Low,High,Low
22,4,2,3,369,17,12,31,239.409,98,0,1,3,1,0,0,70,169,25,4,Apr,Mon,No,Yes,No,No,High,Low,Low,Low,Low,High,Low
26,4,2,3,248,25,14,47,239.409,98,0,1,2,0,0,1,86,165,32,4,Apr,Mon,No,No,No,Yes,High,Low,High,High,Low,High,High
23,4,4,3,330,16,4,28,239.409,98,0,2,0,0,0,0,84,182,25,8,Apr,Wed,No,No,No,No,High,Low,Low,Low,Low,High,Low
28,4,4,3,179,51,18,38,239.409,98,0,1,0,1,0,0,89,170,31,8,Apr,Wed,No,Yes,No,No,Low,High,High,High,Low,High,High
23,4,2,3,118,13,18,50,239.409,98,0,1,1,1,0,0,98,178,31,1,Apr,Mon,No,Yes,No,No,Low,Low,High,High,Low,High,High
13,4,4,3,118,13,18,50,239.409,98,0,1,1,1,0,0,98,178,31,120,Apr,Wed,No,Yes,No,No,Low,Low,High,High,Low,High,High
28,4,6,3,300,26,13,43,239.409,98,0,1,2,1,1,1,77,175,25,8,Apr,Fri,No,Yes,Yes,Yes,High,Low,Low,High,Low,High,Low
28,4,6,3,260,50,11,36,239.409,98,0,1,4,1,0,0,65,168,23,4,Apr,Fri,No,Yes,No,No,High,High,Low,Low,Low,High,Low
28,4,2,3,179,51,18,38,239.409,98,0,1,0,1,0,0,89,170,31,4,Apr,Mon,No,Yes,No,No,Low,High,High,High,Low,High,High
11,4,4,3,118,10,10,37,239.409,98,0,1,0,0,0,0,83,172,28,2,Apr,Wed,No,No,No,No,Low,Low,Low,Low,Low,High,High
13,5,2,3,235,20,13,43,246.074,99,0,1,1,1,0,0,106,167,38,16,May,Mon,No,Yes,No,No,High,Low,Low,High,Low,High,High
23,5,4,3,248,25,14,47,246.074,99,0,1,2,0,0,1,86,165,32,2,May,Wed,No,No,No,Yes,High,Low,High,High,Low,High,High
10,5,2,3,369,17,12,31,246.074,99,0,1,3,1,0,0,70,169,25,8,May,Mon,No,Yes,No,No,High,Low,Low,Low,Low,High,Low
23,5,4,3,179,26,9,30,246.074,99,0,3,0,0,0,0,56,171,19,3,May,Wed,No,No,No,No,Low,Low,Low,Low,Low,High,Low
28,5,4,3,179,51,18,38,246.074,99,0,1,0,1,0,0,89,170,31,4,May,Wed,No,Yes,No,No,Low,High,High,High,Low,High,High
23,5,5,3,361,52,3,28,246.074,99,0,1,1,1,0,4,80,172,27,1,May,Thu,No,Yes,No,,High,High,Low,Low,Low,High,High
28,5,6,3,260,50,11,36,246.074,99,0,1,4,1,0,0,65,168,23,3,May,Fri,No,Yes,No,No,High,High,Low,Low,Low,High,Low
11,5,2,3,179,22,17,40,246.074,99,0,2,2,0,1,0,63,170,22,2,May,Mon,No,No,Yes,No,Low,Low,High,High,Low,High,Low
8,5,2,3,179,22,17,40,246.074,99,0,2,2,0,1,0,63,170,22,3,May,Mon,No,No,Yes,No,Low,Low,High,High,Low,High,Low
18,5,4,3,228,14,16,58,246.074,99,0,1,2,0,0,1,65,172,22,8,May,Wed,No,No,No,Yes,High,Low,High,High,Low,High,Low
25,5,4,3,225,26,9,28,246.074,99,0,1,1,0,0,2,69,169,24,3,May,Wed,No,No,No,,Low,Low,Low,Low,Low,High,Low
13,5,6,3,330,16,4,28,246.074,99,0,2,0,0,0,0,84,182,25,8,May,Fri,No,No,No,No,High,Low,Low,Low,Low,High,Low
25,5,2,3,179,26,9,30,246.074,99,0,3,0,0,0,0,56,171,19,2,May,Mon,No,No,No,No,Low,Low,Low,Low,Low,High,Low
28,5,2,3,118,10,10,37,246.074,99,0,1,0,0,0,0,83,172,28,1,May,Mon,No,No,No,No,Low,Low,Low,Low,Low,High,High
1,5,2,3,235,11,14,37,246.074,99,0,3,1,0,0,1,88,172,29,8,May,Mon,No,No,No,Yes,High,Low,High,Low,Low,High,High
23,5,4,3,179,26,9,30,246.074,99,0,3,0,0,0,0,56,171,19,3,May,Wed,No,No,No,No,Low,Low,Low,Low,Low,High,Low
23,6,2,3,118,10,10,37,253.957,95,0,1,0,0,0,0,83,172,28,3,Jun,Mon,No,No,No,No,Low,Low,Low,Low,Low,Low,High
28,6,2,3,179,51,18,38,253.957,95,0,1,0,1,0,0,89,170,31,3,Jun,Mon,No,Yes,No,No,Low,High,High,High,Low,Low,High
28,6,3,3,118,10,10,37,253.957,95,0,1,0,0,0,0,83,172,28,2,Jun,Tue,No,No,No,No,Low,Low,Low,Low,Low,Low,High
23,6,5,3,225,26,9,28,253.957,95,0,1,1,0,0,2,69,169,24,4,Jun,Thu,No,No,No,,Low,Low,Low,Low,Low,Low,Low
28,6,6,3,260,50,11,36,253.957,95,0,1,4,1,0,0,65,168,23,4,Jun,Fri,No,Yes,No,No,High,High,Low,Low,Low,Low,Low
0,6,6,3,179,51,18,38,253.957,95,1,1,0,1,0,0,89,170,31,0,Jun,Fri,Yes,Yes,No,No,Low,High,High,High,Low,Low,High
13,6,2,3,291,31,12,40,253.957,95,0,1,1,1,0,1,73,171,25,40,Jun,Mon,No,Yes,No,Yes,High,High,Low,High,Low,Low,Low
28,6,2,3,179,51,18,38,253.957,95,0,1,0,1,0,0,89,170,31,24,Jun,Mon,No,Yes,No,No,Low,High,High,High,Low,Low,High
28,6,3,3,246,25,16,41,253.957,95,0,1,0,1,0,0,67,170,23,3,Jun,Tue,No,Yes,No,No,High,Low,High,High,Low,Low,Low
28,6,2,3,179,51,18,38,253.957,95,0,1,0,1,0,0,89,170,31,4,Jun,Mon,No,Yes,No,No,Low,High,High,High,Low,Low,High
26,6,3,3,235,20,13,43,253.957,95,0,1,1,1,0,0,106,167,38,8,Jun,Tue,No,Yes,No,No,High,Low,Low,High,Low,Low,High
28,6,2,1,179,51,18,38,253.957,95,0,1,0,1,0,0,89,170,31,2,Jun,Mon,No,Yes,No,No,Low,High,High,High,Low,Low,High
23,6,4,1,225,26,9,28,253.957,95,0,1,1,0,0,2,69,169,24,2,Jun,Wed,No,No,No,,Low,Low,Low,Low,Low,Low,Low
23,6,4,1,118,13,18,50,253.957,95,0,1,1,1,0,0,98,178,31,2,Jun,Wed,No,Yes,No,No,Low,Low,High,High,Low,Low,High
5,6,4,1,179,51,18,38,253.957,95,0,1,0,1,0,0,89,170,31,8,Jun,Wed,No,Yes,No,No,Low,High,High,High,Low,Low,High
21,6,4,1,179,26,9,30,253.957,95,0,3,0,0,0,0,56,171,19,2,Jun,Wed,No,No,No,No,Low,Low,Low,Low,Low,Low,Low
28,6,6,1,246,25,16,41,253.957,95,0,1,0,1,0,0,67,170,23,2,Jun,Fri,No,Yes,No,No,High,Low,High,High,Low,Low,Low
11,6,3,1,330,16,4,28,253.957,95,0,2,0,0,0,0,84,182,25,1,Jun,Tue,No,No,No,No,High,Low,Low,Low,Low,Low,Low
13,6,3,1,235,11,14,37,253.957,95,0,3,1,0,0,1,88,172,29,8,Jun,Tue,No,No,No,Yes,High,Low,High,Low,Low,Low,High
23,7,5,1,179,26,9,30,230.29,92,0,3,0,0,0,0,56,171,19,2,Jul,Thu,No,No,No,No,Low,Low,Low,Low,Low,Low,Low
25,7,5,1,225,26,9,28,230.29,92,0,1,1,0,0,2,69,169,24,4,Jul,Thu,No,No,No,,Low,Low,Low,Low,Low,Low,Low
13,7,6,1,260,50,11,36,230.29,92,0,1,4,1,0,0,65,168,23,8,Jul,Fri,No,Yes,No,No,High,High,Low,Low,Low,Low,Low
7,7,2,1,268,11,8,33,230.29,92,0,2,0,0,0,0,79,178,25,8,Jul,Mon,No,No,No,No,High,Low,Low,Low,Low,Low,Low
25,7,6,1,330,16,4,28,230.29,92,0,2,0,0,0,0,84,182,25,8,Jul,Fri,No,No,No,No,High,Low,Low,Low,Low,Low,Low
26,7,6,1,118,10,10,37,230.29,92,0,1,0,0,0,0,83,172,28,8,Jul,Fri,No,No,No,No,Low,Low,Low,Low,Low,Low,High
26,7,2,1,260,50,11,36,230.29,92,0,1,4,1,0,0,65,168,23,4,Jul,Mon,No,Yes,No,No,High,High,Low,Low,Low,Low,Low
28,7,3,1,118,10,10,37,230.29,92,0,1,0,0,0,0,83,172,28,8,Jul,Tue,No,No,No,No,Low,Low,Low,Low,Low,Low,High
15,7,2,1,300,26,13,43,230.29,92,0,1,2,1,1,1,77,175,25,8,Jul,Mon,No,Yes,Yes,Yes,High,Low,Low,High,Low,Low,Low
23,7,2,1,235,29,12,48,230.29,92,0,1,1,0,1,5,88,163,33,1,Jul,Mon,No,No,Yes,,High,High,Low,High,Low,Low,High
28,7,3,1,246,25,16,41,230.29,92,0,1,0,1,0,0,67,170,23,2,Jul,Tue,No,Yes,No,No,High,Low,High,High,Low,Low,Low
9,7,3,1,225,26,9,28,230.29,92,0,1,1,0,0,2,69,169,24,112,Jul,Tue,No,No,No,,Low,Low,Low,Low,Low,Low,Low
28,7,3,1,179,51,18,38,230.29,92,0,1,0,1,0,0,89,170,31,1,Jul,Tue,No,Yes,No,No,Low,High,High,High,Low,Low,High
23,7,6,1,118,13,18,50,230.29,92,0,1,1,1,0,0,98,178,31,1,Jul,Fri,No,Yes,No,No,Low,Low,High,High,Low,Low,High
22,7,6,1,361,52,3,28,230.29,92,0,1,1,1,0,4,80,172,27,8,Jul,Fri,No,Yes,No,,High,High,Low,Low,Low,Low,High
22,7,2,1,289,36,13,33,230.29,92,0,1,2,1,0,1,90,172,30,8,Jul,Mon,No,Yes,No,Yes,High,High,Low,Low,Low,Low,High
26,7,2,1,235,20,13,43,230.29,92,0,1,1,1,0,0,106,167,38,8,Jul,Mon,No,Yes,No,No,High,Low,Low,High,Low,Low,High
28,7,3,1,246,25,16,41,230.29,92,0,1,0,1,0,0,67,170,23,2,Jul,Tue,No,Yes,No,No,High,Low,High,High,Low,Low,Low
28,7,5,1,291,31,12,40,230.29,92,0,1,1,1,0,1,73,171,25,1,Jul,Thu,No,Yes,No,Yes,High,High,Low,High,Low,Low,Low
23,7,5,1,279,5,14,39,230.29,92,0,1,2,1,1,0,68,168,24,2,Jul,Thu,No,Yes,Yes,No,High,Low,High,High,Low,Low,Low
25,8,5,1,179,51,18,38,249.797,93,0,1,0,1,0,0,89,170,31,4,Aug,Thu,No,Yes,No,No,Low,High,High,High,Low,Low,High
25,8,2,1,179,22,17,40,249.797,93,0,2,2,0,1,0,63,170,22,1,Aug,Mon,No,No,Yes,No,Low,Low,High,High,Low,Low,Low
28,8,3,1,246,25,16,41,249.797,93,0,1,0,1,0,0,67,170,23,4,Aug,Tue,No,Yes,No,No,High,Low,High,High,Low,Low,Low
28,8,3,1,118,10,10,37,249.797,93,0,1,0,0,0,0,83,172,28,4,Aug,Tue,No,No,No,No,Low,Low,Low,Low,Low,Low,High
26,8,3,1,289,36,13,33,249.797,93,0,1,2,1,0,1,90,172,30,8,Aug,Tue,No,Yes,No,Yes,High,High,Low,Low,Low,Low,High
26,8,3,1,235,20,13,43,249.797,93,0,1,1,1,0,0,106,167,38,8,Aug,Tue,No,Yes,No,No,High,Low,Low,High,Low,Low,High
28,8,5,1,291,31,12,40,249.797,93,0,1,1,1,0,1,73,171,25,4,Aug,Thu,No,Yes,No,Yes,High,High,Low,High,Low,Low,Low
25,8,2,1,179,51,18,38,249.797,93,0,1,0,1,0,0,89,170,31,4,Aug,Mon,No,Yes,No,No,Low,High,High,High,Low,Low,High
25,8,3,1,179,22,17,40,249.797,93,0,2,2,0,1,0,63,170,22,8,Aug,Tue,No,No,Yes,No,Low,Low,High,High,Low,Low,Low
23,8,5,1,330,16,4,28,249.797,93,0,2,0,0,0,0,84,182,25,16,Aug,Thu,No,No,No,No,High,Low,Low,Low,Low,Low,Low
23,8,3,1,235,11,14,37,249.797,93,0,3,1,0,0,1,88,172,29,4,Aug,Tue,No,No,No,Yes,High,Low,High,Low,Low,Low,High
28,8,3,1,246,25,16,41,249.797,93,0,1,0,1,0,0,67,170,23,1,Aug,Tue,No,Yes,No,No,High,Low,High,High,Low,Low,Low
28,8,3,1,118,10,10,37,249.797,93,0,1,0,0,0,0,83,172,28,5,Aug,Tue,No,No,No,No,Low,Low,Low,Low,Low,Low,High
28,8,5,1,291,31,12,40,249.797,93,0,1,1,1,0,1,73,171,25,2,Aug,Thu,No,Yes,No,Yes,High,High,Low,High,Low,Low,Low
28,8,2,1,260,50,11,36,249.797,93,0,1,4,1,0,0,65,168,23,3,Aug,Mon,No,Yes,No,No,High,High,Low,Low,Low,Low,Low
28,9,3,1,246,25,16,41,261.756,87,0,1,0,1,0,0,67,170,23,1,Sep,Tue,No,Yes,No,No,High,Low,High,High,Low,Low,Low
28,9,3,1,246,25,16,41,261.756,87,0,1,0,1,0,0,67,170,23,1,Sep,Tue,No,Yes,No,No,High,Low,High,High,Low,Low,Low
28,9,3,1,118,10,10,37,261.756,87,0,1,0,0,0,0,83,172,28,3,Sep,Tue,No,No,No,No,Low,Low,Low,Low,Low,Low,High
23,9,3,1,155,12,14,34,261.756,87,0,1,2,1,0,0,95,196,25,2,Sep,Tue,No,Yes,No,No,Low,Low,High,Low,Low,Low,Low
28,9,5,1,291,31,12,40,261.756,87,0,1,1,1,0,1,73,171,25,2,Sep,Thu,No,Yes,No,Yes,High,High,Low,High,Low,Low,Low
23,9,6,1,179,26,9,30,261.756,87,0,3,0,0,0,0,56,171,19,8,Sep,Fri,No,No,No,No,Low,Low,Low,Low,Low,Low,Low
23,9,6,1,248,25,14,47,261.756,87,0,1,2,0,0,1,86,165,32,1,Sep,Fri,No,No,No,Yes,High,Low,High,High,Low,Low,High
23,9,2,1,179,51,18,38,261.756,87,0,1,0,1,0,0,89,170,31,4,Sep,Mon,No,Yes,No,No,Low,High,High,High,Low,Low,High
23,9,4,1,225,26,9,28,261.756,87,0,1,1,0,0,2,69,169,24,1,Sep,Wed,No,No,No,,Low,Low,Low,Low,Low,Low,Low
23,9,2,1,179,26,9,30,261.756,87,0,3,0,0,0,0,56,171,19,2,Sep,Mon,No,No,No,No,Low,Low,Low,Low,Low,Low,Low
23,9,3,4,369,17,12,31,261.756,87,0,1,3,1,0,0,70,169,25,8,Sep,Tue,No,Yes,No,No,High,Low,Low,Low,Low,Low,Low
22,9,3,4,361,52,3,28,261.756,87,0,1,1,1,0,4,80,172,27,8,Sep,Tue,No,Yes,No,,High,High,Low,Low,Low,Low,High
4,10,5,4,289,48,29,49,284.853,91,0,1,0,0,0,2,108,172,36,1,Oct,Thu,No,No,No,,High,High,High,High,High,Low,High
11,10,5,4,235,16,8,32,284.853,91,0,3,0,0,0,0,75,178,25,3,Oct,Thu,No,No,No,No,High,Low,Low,Low,High,Low,Low
26,10,6,4,246,25,16,41,284.853,91,0,1,0,1,0,0,67,170,23,8,Oct,Fri,No,Yes,No,No,High,Low,High,High,High,Low,Low
14,10,4,4,289,48,29,49,284.853,91,0,1,0,0,0,2,108,172,36,3,Oct,Wed,No,No,No,,High,High,High,High,High,Low,High
28,10,4,4,291,31,12,40,284.853,91,0,1,1,1,0,1,73,171,25,2,Oct,Wed,No,Yes,No,Yes,High,High,Low,High,High,Low,Low
23,10,3,4,118,10,10,37,284.853,91,0,1,0,0,0,0,83,172,28,2,Oct,Tue,No,No,No,No,Low,Low,Low,Low,High,Low,High
23,10,5,4,289,48,29,49,284.853,91,0,1,0,0,0,2,108,172,36,2,Oct,Thu,No,No,No,,High,High,High,High,High,Low,High
23,10,6,4,291,31,12,40,284.853,91,0,1,1,1,0,1,73,171,25,1,Oct,Fri,No,Yes,No,Yes,High,High,Low,High,High,Low,Low
23,10,3,4,225,26,9,28,284.853,91,0,1,1,0,0,2,69,169,24,2,Oct,Tue,No,No,No,,Low,Low,Low,Low,High,Low,Low
23,10,3,4,369,17,12,31,284.853,91,0,1,3,1,0,0,70,169,25,8,Oct,Tue,No,Yes,No,No,High,Low,Low,Low,High,Low,Low
23,10,3,4,369,17,12,31,284.853,91,0,1,3,1,0,0,70,169,25,3,Oct,Tue,No,Yes,No,No,High,Low,Low,Low,High,Low,Low
23,10,3,4,225,26,9,28,284.853,91,0,1,1,0,0,2,69,169,24,4,Oct,Tue,No,No,No,,Low,Low,Low,Low,High,Low,Low
26,10,3,4,369,17,12,31,284.853,91,0,1,3,1,0,0,70,169,25,8,Oct,Tue,No,Yes,No,No,High,Low,Low,Low,High,Low,Low
28,10,4,4,179,51,18,38,284.853,91,0,1,0,1,0,0,89,170,31,3,Oct,Wed,No,Yes,No,No,Low,High,High,High,High,Low,High
1,10,4,4,228,14,16,58,284.853,91,0,1,2,0,0,1,65,172,22,1,Oct,Wed,No,No,No,Yes,High,Low,High,High,High,Low,Low
23,10,4,4,291,31,12,40,284.853,91,0,1,1,1,0,1,73,171,25,1,Oct,Wed,No,Yes,No,Yes,High,High,Low,High,High,Low,Low
10,10,5,4,369,17,12,31,284.853,91,0,1,3,1,0,0,70,169,25,8,Oct,Thu,No,Yes,No,No,High,Low,Low,Low,High,Low,Low
13,10,5,4,225,26,9,28,284.853,91,0,1,1,0,0,2,69,169,24,1,Oct,Thu,No,No,No,,Low,Low,Low,Low,High,Low,Low
10,10,6,4,369,17,12,31,284.853,91,0,1,3,1,0,0,70,169,25,8,Oct,Fri,No,Yes,No,No,High,Low,Low,Low,High,Low,Low
10,10,6,4,225,26,9,28,284.853,91,0,1,1,0,0,2,69,169,24,3,Oct,Fri,No,No,No,,Low,Low,Low,Low,High,Low,Low
23,10,2,4,189,29,13,33,284.853,91,0,1,2,0,0,2,69,167,25,8,Oct,Mon,No,No,No,,Low,High,Low,Low,High,Low,Low
6,10,2,4,235,16,8,32,284.853,91,0,3,0,0,0,0,75,178,25,8,Oct,Mon,No,No,No,No,High,Low,Low,Low,High,Low,Low
10,10,2,4,248,25,14,47,284.853,91,0,1,2,0,0,1,86,165,32,8,Oct,Mon,No,No,No,Yes,High,Low,High,High,High,Low,High
0,10,2,4,225,26,9,28,284.853,91,1,1,1,0,0,2,69,169,24,0,Oct,Mon,Yes,No,No,,Low,Low,Low,Low,High,Low,Low
13,10,3,4,225,26,9,28,284.853,91,0,1,1,0,0,2,69,169,24,3,Oct,Tue,No,No,No,,Low,Low,Low,Low,High,Low,Low
21,11,3,4,179,51,18,38,268.519,93,0,1,0,1,0,0,89,170,31,1,Nov,Tue,No,Yes,No,No,Low,High,High,High,High,Low,High
28,11,4,4,118,10,10,37,268.519,93,0,1,0,0,0,0,83,172,28,3,Nov,Wed,No,No,No,No,Low,Low,Low,Low,High,Low,High
2,11,4,4,330,16,4,28,268.519,93,0,2,0,0,0,0,84,182,25,24,Nov,Wed,No,No,No,No,High,Low,Low,Low,High,Low,Low
28,11,6,4,179,51,18,38,268.519,93,0,1,0,1,0,0,89,170,31,1,Nov,Fri,No,Yes,No,No,Low,High,High,High,High,Low,High
9,11,3,4,118,10,10,37,268.519,93,0,1,0,0,0,0,83,172,28,8,Nov,Tue,No,No,No,No,Low,Low,Low,Low,High,Low,High
24,11,4,4,289,36,13,33,268.519,93,0,1,2,1,0,1,90,172,30,8,Nov,Wed,No,Yes,No,Yes,High,High,Low,Low,High,Low,High
1,11,6,4,235,16,8,32,268.519,93,0,3,0,0,0,0,75,178,25,8,Nov,Fri,No,No,No,No,High,Low,Low,Low,High,Low,Low
23,11,6,4,225,26,9,28,268.519,93,0,1,1,0,0,2,69,169,24,4,Nov,Fri,No,No,No,,Low,Low,Low,Low,High,Low,Low
22,11,3,4,361,52,3,28,268.519,93,0,1,1,1,0,4,80,172,27,8,Nov,Tue,No,Yes,No,,High,High,Low,Low,High,Low,High
28,11,4,4,291,31,12,40,268.519,93,0,1,1,1,0,1,73,171,25,2,Nov,Wed,No,Yes,No,Yes,High,High,Low,High,High,Low,Low
13,11,5,4,118,10,10,37,268.519,93,0,1,0,0,0,0,83,172,28,2,Nov,Thu,No,No,No,No,Low,Low,Low,Low,High,Low,High
14,11,5,4,225,26,9,28,268.519,93,0,1,1,0,0,2,69,169,24,3,Nov,Thu,No,No,No,,Low,Low,Low,Low,High,Low,Low
28,11,2,4,179,51,18,38,268.519,93,0,1,0,1,0,0,89,170,31,1,Nov,Mon,No,Yes,No,No,Low,High,High,High,High,Low,High
23,11,2,4,118,10,10,37,268.519,93,0,1,0,0,0,0,83,172,28,8,Nov,Mon,No,No,No,No,Low,Low,Low,Low,High,Low,High
8,11,3,4,118,10,10,37,268.519,93,0,1,0,0,0,0,83,172,28,8,Nov,Tue,No,No,No,No,Low,Low,Low,Low,High,Low,High
23,11,3,4,225,26,9,28,268.519,93,0,1,1,0,0,2,69,169,24,2,Nov,Tue,No,No,No,,Low,Low,Low,Low,High,Low,Low
0,11,3,4,291,31,12,40,268.519,93,1,1,1,1,0,1,73,171,25,0,Nov,Tue,Yes,Yes,No,Yes,High,High,Low,High,High,Low,Low
0,11,4,4,289,36,13,33,268.519,93,1,1,2,1,0,1,90,172,30,0,Nov,Wed,Yes,Yes,No,Yes,High,High,Low,Low,High,Low,High
14,11,5,4,248,25,14,47,268.519,93,0,1,2,0,0,1,86,165,32,4,Nov,Thu,No,No,No,Yes,High,Low,High,High,High,Low,High
0,11,5,4,235,20,13,43,268.519,93,1,1,1,1,0,0,106,167,38,0,Nov,Thu,Yes,Yes,No,No,High,Low,Low,High,High,Low,High
23,11,6,4,225,26,9,28,268.519,93,0,1,1,0,0,2,69,169,24,2,Nov,Fri,No,No,No,,Low,Low,Low,Low,High,Low,Low
26,11,6,4,369,17,12,31,268.519,93,0,1,3,1,0,0,70,169,25,8,Nov,Fri,No,Yes,No,No,High,Low,Low,Low,High,Low,Low
28,11,2,4,361,52,3,28,268.519,93,0,1,1,1,0,4,80,172,27,2,Nov,Mon,No,Yes,No,,High,High,Low,Low,High,Low,High
13,12,3,4,179,51,18,38,280.549,98,0,1,0,1,0,0,89,170,31,32,Dec,Tue,No,Yes,No,No,Low,High,High,High,High,High,High
28,12,4,4,291,31,12,40,280.549,98,0,1,1,1,0,1,73,171,25,1,Dec,Wed,No,Yes,No,Yes,High,High,Low,High,High,High,Low
23,12,4,4,225,26,9,28,280.549,98,0,1,1,0,0,2,69,169,24,3,Dec,Wed,No,No,No,,Low,Low,Low,Low,High,High,Low
13,12,6,4,179,26,9,30,280.549,98,0,3,0,0,0,0,56,171,19,1,Dec,Fri,No,No,No,No,Low,Low,Low,Low,High,High,Low
23,12,6,4,225,26,9,28,280.549,98,0,1,1,0,0,2,69,169,24,3,Dec,Fri,No,No,No,,Low,Low,Low,Low,High,High,Low
23,12,4,4,225,26,9,28,280.549,98,0,1,1,0,0,2,69,169,24,3,Dec,Wed,No,No,No,,Low,Low,Low,Low,High,High,Low
14,12,5,4,361,52,3,28,280.549,98,0,1,1,1,0,4,80,172,27,4,Dec,Thu,No,Yes,No,,High,High,Low,Low,High,High,High
18,12,6,4,179,22,17,40,280.549,98,0,2,2,0,1,0,63,170,22,2,Dec,Fri,No,No,Yes,No,Low,Low,High,High,High,High,Low
26,12,6,4,235,20,13,43,280.549,98,0,1,1,1,0,0,106,167,38,8,Dec,Fri,No,Yes,No,No,High,Low,Low,High,High,High,High
18,12,2,4,233,51,1,31,280.549,98,0,2,1,1,0,8,68,178,21,8,Dec,Mon,No,Yes,No,,High,High,Low,Low,High,High,Low
13,12,3,4,179,26,9,30,280.549,98,0,3,0,0,0,0,56,171,19,16,Dec,Tue,No,No,No,No,Low,Low,Low,Low,High,High,Low
23,12,3,4,225,26,9,28,280.549,98,0,1,1,0,0,2,69,169,24,2,Dec,Tue,No,No,No,,Low,Low,Low,Low,High,High,Low
23,12,5,4,225,26,9,28,280.549,98,0,1,1,0,0,2,69,169,24,3,Dec,Thu,No,No,No,,Low,Low,Low,Low,High,High,Low
23,12,2,4,225,26,9,28,280.549,98,0,1,1,0,0,2,69,169,24,2,Dec,Mon,No,No,No,,Low,Low,Low,Low,High,High,Low
18,12,3,2,155,12,14,34,280.549,98,0,1,2,1,0,0,95,196,25,80,Dec,Tue,No,Yes,No,No,Low,Low,High,Low,High,High,Low
12,1,2,2,179,26,9,30,313.532,96,0,3,0,0,0,0,56,171,19,24,Jan,Mon,No,No,No,No,Low,Low,Low,Low,High,High,Low
12,1,5,2,179,26,9,30,313.532,96,0,3,0,0,0,0,56,171,19,16,Jan,Thu,No,No,No,No,Low,Low,Low,Low,High,High,Low
25,1,5,2,179,22,17,40,313.532,96,0,2,2,0,1,0,63,170,22,2,Jan,Thu,No,No,Yes,No,Low,Low,High,High,High,High,Low
25,1,6,2,179,22,17,40,313.532,96,0,2,2,0,1,0,63,170,22,2,Jan,Fri,No,No,Yes,No,Low,Low,High,High,High,High,Low
13,1,2,2,179,26,9,30,313.532,96,0,3,0,0,0,0,56,171,19,3,Jan,Mon,No,No,No,No,Low,Low,Low,Low,High,High,Low
25,1,4,2,179,22,17,40,313.532,96,0,2,2,0,1,0,63,170,22,2,Jan,Wed,No,No,Yes,No,Low,Low,High,High,High,High,Low
10,1,5,2,289,48,29,49,313.532,96,0,1,0,0,0,2,108,172,36,8,Jan,Thu,No,No,No,,High,High,High,High,High,High,High
18,1,6,2,179,22,17,40,313.532,96,0,2,2,0,1,0,63,170,22,3,Jan,Fri,No,No,Yes,No,Low,Low,High,High,High,High,Low
27,1,2,2,179,26,9,30,313.532,96,0,3,0,0,0,0,56,171,19,2,Jan,Mon,No,No,No,No,Low,Low,Low,Low,High,High,Low
18,1,3,2,155,12,14,34,313.532,96,0,1,2,1,0,0,95,196,25,8,Jan,Tue,No,Yes,No,No,Low,Low,High,Low,High,High,Low
27,1,4,2,179,26,9,30,313.532,96,0,3,0,0,0,0,56,171,19,2,Jan,Wed,No,No,No,No,Low,Low,Low,Low,High,High,Low
27,1,4,2,179,51,18,38,313.532,96,0,1,0,1,0,0,89,170,31,3,Jan,Wed,No,Yes,No,No,Low,High,High,High,High,High,High
13,1,4,2,289,36,13,33,313.532,96,0,1,2,1,0,1,90,172,30,8,Jan,Wed,No,Yes,No,Yes,High,High,Low,Low,High,High,High
27,1,5,2,179,51,18,38,313.532,96,0,1,0,1,0,0,89,170,31,3,Jan,Thu,No,Yes,No,No,Low,High,High,High,High,High,High
27,1,6,2,179,51,18,38,313.532,96,0,1,0,1,0,0,89,170,31,2,Jan,Fri,No,Yes,No,No,Low,High,High,High,High,High,High
13,2,3,2,179,51,18,38,264.249,97,0,1,0,1,0,0,89,170,31,8,Feb,Tue,No,Yes,No,No,Low,High,High,High,Low,High,High
23,2,3,2,225,26,9,28,264.249,97,0,1,1,0,0,2,69,169,24,3,Feb,Tue,No,No,No,,Low,Low,Low,Low,Low,High,Low
1,2,4,2,248,25,14,47,264.249,97,0,1,2,0,0,1,86,165,32,8,Feb,Wed,No,No,No,Yes,High,Low,High,High,Low,High,High
27,2,4,2,179,51,18,38,264.249,97,0,1,0,1,0,0,89,170,31,2,Feb,Wed,No,Yes,No,No,Low,High,High,High,Low,High,High
28,2,5,2,225,26,9,28,264.249,97,0,1,1,0,0,2,69,169,24,3,Feb,Thu,No,No,No,,Low,Low,Low,Low,Low,High,Low
27,2,5,2,179,51,18,38,264.249,97,0,1,0,1,0,0,89,170,31,2,Feb,Thu,No,Yes,No,No,Low,High,High,High,Low,High,High
27,2,5,2,179,26,9,30,264.249,97,0,3,0,0,0,0,56,171,19,2,Feb,Thu,No,No,No,No,Low,Low,Low,Low,Low,High,Low
28,2,6,2,225,15,15,41,264.249,97,0,4,2,1,0,2,94,182,28,2,Feb,Fri,No,Yes,No,,Low,Low,High,High,Low,High,High
27,2,6,2,179,51,18,38,264.249,97,0,1,0,1,0,0,89,170,31,2,Feb,Fri,No,Yes,No,No,Low,High,High,High,Low,High,High
19,2,2,2,233,51,1,31,264.249,97,0,2,1,1,0,8,68,178,21,2,Feb,Mon,No,Yes,No,,High,High,Low,Low,Low,High,Low
27,2,2,2,179,51,18,38,264.249,97,0,1,0,1,0,0,89,170,31,2,Feb,Mon,No,Yes,No,No,Low,High,High,High,Low,High,High
7,2,3,2,225,26,9,28,264.249,97,0,1,1,0,0,2,69,169,24,8,Feb,Tue,No,No,No,,Low,Low,Low,Low,Low,High,Low
27,2,4,2,179,51,18,38,264.249,97,0,1,0,1,0,0,89,170,31,3,Feb,Wed,No,Yes,No,No,Low,High,High,High,Low,High,High
27,2,5,2,179,51,18,38,264.249,97,0,1,0,1,0,0,89,170,31,3,Feb,Thu,No,Yes,No,No,Low,High,High,High,Low,High,High
25,2,5,2,225,26,9,28,264.249,97,0,1,1,0,0,2,69,169,24,3,Feb,Thu,No,No,No,,Low,Low,Low,Low,Low,High,Low
13,2,5,2,179,26,9,30,264.249,97,0,3,0,0,0,0,56,171,19,2,Feb,Thu,No,No,No,No,Low,Low,Low,Low,Low,High,Low
23,2,6,2,179,22,17,40,264.249,97,0,2,2,0,1,0,63,170,22,2,Feb,Fri,No,No,Yes,No,Low,Low,High,High,Low,High,Low
27,2,6,2,179,51,18,38,264.249,97,0,1,0,1,0,0,89,170,31,3,Feb,Fri,No,Yes,No,No,Low,High,High,High,Low,High,High
12,2,4,2,233,51,1,31,264.249,97,0,2,1,1,0,8,68,178,21,3,Feb,Wed,No,Yes,No,,High,High,Low,Low,Low,High,Low
27,2,4,2,179,26,9,30,264.249,97,0,3,0,0,0,0,56,171,19,2,Feb,Wed,No,No,No,No,Low,Low,Low,Low,Low,High,Low
27,2,4,2,179,51,18,38,264.249,97,0,1,0,1,0,0,89,170,31,2,Feb,Wed,No,Yes,No,No,Low,High,High,High,Low,High,High
13,2,5,2,179,51,18,38,264.249,97,0,1,0,1,0,0,89,170,31,8,Feb,Thu,No,Yes,No,No,Low,High,High,High,Low,High,High
27,2,6,2,179,51,18,38,264.249,97,0,1,0,1,0,0,89,170,31,2,Feb,Fri,No,Yes,No,No,Low,High,High,High,Low,High,High
25,2,2,2,155,12,14,34,264.249,97,0,1,2,1,0,0,95,196,25,5,Feb,Mon,No,Yes,No,No,Low,Low,High,Low,Low,High,Low
25,2,2,2,235,16,8,32,264.249,97,0,3,0,0,0,0,75,178,25,3,Feb,Mon,No,No,No,No,High,Low,Low,Low,Low,High,Low
27,2,2,2,179,51,18,38,264.249,97,0,1,0,1,0,0,89,170,31,2,Feb,Mon,No,Yes,No,No,Low,High,High,High,Low,High,High
7,2,2,2,225,26,9,28,264.249,97,0,1,1,0,0,2,69,169,24,2,Feb,Mon,No,No,No,,Low,Low,Low,Low,Low,High,Low
27,2,3,2,179,51,18,38,264.249,97,0,1,0,1,0,0,89,170,31,2,Feb,Tue,No,Yes,No,No,Low,High,High,High,Low,High,High
23,2,3,2,248,25,14,47,264.249,97,0,1,2,0,0,1,86,165,32,2,Feb,Tue,No,No,No,Yes,High,Low,High,High,Low,High,High
25,2,3,2,225,26,9,28,264.249,97,0,1,1,0,0,2,69,169,24,2,Feb,Tue,No,No,No,,Low,Low,Low,Low,Low,High,Low
27,2,4,2,179,51,18,38,264.249,97,0,1,0,1,0,0,89,170,31,2,Feb,Wed,No,Yes,No,No,Low,High,High,High,Low,High,High
27,2,5,2,179,51,18,38,264.249,97,0,1,0,1,0,0,89,170,31,2,Feb,Thu,No,Yes,No,No,Low,High,High,High,Low,High,High
25,2,6,2,235,16,8,32,264.249,97,0,3,0,0,0,0,75,178,25,2,Feb,Fri,No,No,No,No,High,Low,Low,Low,Low,High,Low
27,3,2,2,179,51,18,38,222.196,99,0,1,0,1,0,0,89,170,31,2,Mar,Mon,No,Yes,No,No,Low,High,High,High,Low,High,High
23,3,2,2,248,25,14,47,222.196,99,0,1,2,0,0,1,86,165,32,2,Mar,Mon,No,No,No,Yes,High,Low,High,High,Low,High,High
25,3,3,2,228,14,16,58,222.196,99,0,1,2,0,0,1,65,172,22,3,Mar,Tue,No,No,No,Yes,High,Low,High,High,Low,High,Low
25,3,3,2,248,25,14,47,222.196,99,0,1,2,0,0,1,86,165,32,3,Mar,Tue,No,No,No,Yes,High,Low,High,High,Low,High,High
12,3,3,2,228,14,16,58,222.196,99,0,1,2,0,0,1,65,172,22,112,Mar,Tue,No,No,No,Yes,High,Low,High,High,Low,High,Low
27,3,4,2,179,51,18,38,222.196,99,0,1,0,1,0,0,89,170,31,2,Mar,Wed,No,Yes,No,No,Low,High,High,High,Low,High,High
27,3,5,2,225,26,9,28,222.196,99,0,1,1,0,0,2,69,169,24,2,Mar,Thu,No,No,No,,Low,Low,Low,Low,Low,High,Low
27,3,5,2,179,51,18,38,222.196,99,0,1,0,1,0,0,89,170,31,3,Mar,Thu,No,Yes,No,No,Low,High,High,High,Low,High,High
25,3,5,2,225,26,9,28,222.196,99,0,1,1,0,0,2,69,169,24,2,Mar,Thu,No,No,No,,Low,Low,Low,Low,Low,High,Low
27,3,6,2,179,26,9,30,222.196,99,0,3,0,0,0,0,56,171,19,3,Mar,Fri,No,No,No,No,Low,Low,Low,Low,Low,High,Low
25,3,2,2,235,16,8,32,222.196,99,0,3,0,0,0,0,75,178,25,3,Mar,Mon,No,No,No,No,High,Low,Low,Low,Low,High,Low
19,3,2,2,361,52,3,28,222.196,99,0,1,1,1,0,4,80,172,27,8,Mar,Mon,No,Yes,No,,High,High,Low,Low,Low,High,High
13,3,3,2,179,51,18,38,222.196,99,0,1,0,1,0,0,89,170,31,8,Mar,Tue,No,Yes,No,No,Low,High,High,High,Low,High,High
27,3,4,2,179,51,18,38,222.196,99,0,1,0,1,0,0,89,170,31,2,Mar,Wed,No,Yes,No,No,Low,High,High,High,Low,High,High
27,3,5,2,179,51,18,38,222.196,99,0,1,0,1,0,0,89,170,31,3,Mar,Thu,No,Yes,No,No,Low,High,High,High,Low,High,High
27,3,6,2,179,26,9,30,222.196,99,0,3,0,0,0,0,56,171,19,2,Mar,Fri,No,No,No,No,Low,Low,Low,Low,Low,High,Low
10,3,2,2,179,51,18,38,222.196,99,0,1,0,1,0,0,89,170,31,4,Mar,Mon,No,Yes,No,No,Low,High,High,High,Low,High,High
13,3,2,2,248,25,14,47,222.196,99,0,1,2,0,0,1,86,165,32,2,Mar,Mon,No,No,No,Yes,High,Low,High,High,Low,High,High
27,3,2,2,179,51,18,38,222.196,99,0,1,0,1,0,0,89,170,31,3,Mar,Mon,No,Yes,No,No,Low,High,High,High,Low,High,High
7,3,2,2,225,26,9,28,222.196,99,0,1,1,0,0,2,69,169,24,8,Mar,Mon,No,No,No,,Low,Low,Low,Low,Low,High,Low
27,3,3,2,179,51,18,38,222.196,99,0,1,0,1,0,0,89,170,31,2,Mar,Tue,No,Yes,No,No,Low,High,High,High,Low,High,High
23,3,4,2,289,36,13,33,222.196,99,0,1,2,1,0,1,90,172,30,8,Mar,Wed,No,Yes,No,Yes,High,High,Low,Low,Low,High,High
25,3,4,2,228,14,16,58,222.196,99,0,1,2,0,0,1,65,172,22,2,Mar,Wed,No,No,No,Yes,High,Low,High,High,Low,High,Low
27,3,4,2,179,51,18,38,222.196,99,0,1,0,1,0,0,89,170,31,2,Mar,Wed,No,Yes,No,No,Low,High,High,High,Low,High,High
23,3,5,2,248,25,14,47,222.196,99,0,1,2,0,0,1,86,165,32,3,Mar,Thu,No,No,No,Yes,High,Low,High,High,Low,High,High
27,3,5,2,179,51,18,38,222.196,99,0,1,0,1,0,0,89,170,31,3,Mar,Thu,No,Yes,No,No,Low,High,High,High,Low,High,High
23,3,6,2,179,26,9,30,222.196,99,0,3,0,0,0,0,56,171,19,2,Mar,Fri,No,No,No,No,Low,Low,Low,Low,Low,High,Low
27,3,6,2,179,51,18,38,222.196,99,0,1,0,1,0,0,89,170,31,3,Mar,Fri,No,Yes,No,No,Low,High,High,High,Low,High,High
27,3,3,3,179,51,18,38,222.196,99,0,1,0,1,0,0,89,170,31,3,Mar,Tue,No,Yes,No,No,Low,High,High,High,Low,High,High
23,3,4,3,118,15,24,46,222.196,99,0,1,2,1,1,0,75,175,25,8,Mar,Wed,No,Yes,Yes,No,Low,Low,High,High,Low,High,Low
13,3,4,3,155,12,14,34,222.196,99,0,1,2,1,0,0,95,196,25,24,Mar,Wed,No,Yes,No,No,Low,Low,High,Low,Low,High,Low
27,3,4,3,179,51,18,38,222.196,99,0,1,0,1,0,0,89,170,31,3,Mar,Wed,No,Yes,No,No,Low,High,High,High,Low,High,High
27,3,5,3,179,51,18,38,222.196,99,0,1,0,1,0,0,89,170,31,3,Mar,Thu,No,Yes,No,No,Low,High,High,High,Low,High,High
13,3,2,3,179,26,9,30,222.196,99,0,3,0,0,0,0,56,171,19,2,Mar,Mon,No,No,No,No,Low,Low,Low,Low,Low,High,Low
19,3,2,3,289,36,13,33,222.196,99,0,1,2,1,0,1,90,172,30,104,Mar,Mon,No,Yes,No,Yes,High,High,Low,Low,Low,High,High
22,3,4,3,369,17,12,31,222.196,99,0,1,3,1,0,0,70,169,25,8,Mar,Wed,No,Yes,No,No,High,Low,Low,Low,Low,High,Low
13,4,2,3,225,26,9,28,246.288,91,0,1,1,0,0,2,69,169,24,8,Apr,Mon,No,No,No,,Low,Low,Low,Low,Low,Low,Low
10,4,2,3,118,10,10,37,246.288,91,0,1,0,0,0,0,83,172,28,8,Apr,Mon,No,No,No,No,Low,Low,Low,Low,Low,Low,High
19,4,3,3,361,52,3,28,246.288,91,0,1,1,1,0,4,80,172,27,8,Apr,Tue,No,Yes,No,,High,High,Low,Low,Low,Low,High
19,4,4,3,248,25,14,47,246.288,91,0,1,2,0,0,1,86,165,32,8,Apr,Wed,No,No,No,Yes,High,Low,High,High,Low,Low,High
13,4,5,3,189,29,13,33,246.288,91,0,1,2,0,0,2,69,167,25,8,Apr,Thu,No,No,No,,Low,High,Low,Low,Low,Low,Low
27,4,6,3,179,26,9,30,246.288,91,0,3,0,0,0,0,56,171,19,2,Apr,Fri,No,No,No,No,Low,Low,Low,Low,Low,Low,Low
7,4,2,3,369,17,12,31,246.288,91,0,1,3,1,0,0,70,169,25,24,Apr,Mon,No,Yes,No,No,High,Low,Low,Low,Low,Low,Low
16,4,3,3,179,22,17,40,246.288,91,0,2,2,0,1,0,63,170,22,2,Apr,Tue,No,No,Yes,No,Low,Low,High,High,Low,Low,Low
23,4,3,3,118,13,18,50,246.288,91,0,1,1,1,0,0,98,178,31,3,Apr,Tue,No,Yes,No,No,Low,Low,High,High,Low,Low,High
23,4,3,3,361,52,3,28,246.288,91,0,1,1,1,0,4,80,172,27,2,Apr,Tue,No,Yes,No,,High,High,Low,Low,Low,Low,High
10,4,4,3,118,10,10,37,246.288,91,0,1,0,0,0,0,83,172,28,2,Apr,Wed,No,No,No,No,Low,Low,Low,Low,Low,Low,High
22,4,6,3,235,11,14,37,246.288,91,0,3,1,0,0,1,88,172,29,8,Apr,Fri,No,No,No,Yes,High,Low,High,Low,Low,Low,High
27,4,6,3,179,26,9,30,246.288,91,0,3,0,0,0,0,56,171,19,2,Apr,Fri,No,No,No,No,Low,Low,Low,Low,Low,Low,Low
19,4,2,3,225,26,9,28,246.288,91,0,1,1,0,0,2,69,169,24,8,Apr,Mon,No,No,No,,Low,Low,Low,Low,Low,Low,Low
16,4,3,3,235,16,8,32,246.288,91,0,3,0,0,0,0,75,178,25,3,Apr,Tue,No,No,No,No,High,Low,Low,Low,Low,Low,Low
27,4,6,3,179,26,9,30,246.288,91,0,3,0,0,0,0,56,171,19,2,Apr,Fri,No,No,No,No,Low,Low,Low,Low,Low,Low,Low
28,4,3,3,155,12,14,34,246.288,91,0,1,2,1,0,0,95,196,25,4,Apr,Tue,No,Yes,No,No,Low,Low,High,Low,Low,Low,Low
19,4,5,3,225,26,9,28,246.288,91,0,1,1,0,0,2,69,169,24,8,Apr,Thu,No,No,No,,Low,Low,Low,Low,Low,Low,Low
14,4,5,3,118,13,18,50,246.288,91,0,1,1,1,0,0,98,178,31,2,Apr,Thu,No,Yes,No,No,Low,Low,High,High,Low,Low,High
27,4,6,3,179,26,9,30,246.288,91,0,3,0,0,0,0,56,171,19,2,Apr,Fri,No,No,No,No,Low,Low,Low,Low,Low,Low,Low
22,5,2,3,235,11,14,37,237.656,99,0,3,1,0,0,1,88,172,29,8,May,Mon,No,No,No,Yes,High,Low,High,Low,Low,High,High
19,5,4,3,225,15,15,41,237.656,99,0,4,2,1,0,2,94,182,28,3,May,Wed,No,Yes,No,,Low,Low,High,High,Low,High,High
28,5,4,3,235,16,8,32,237.656,99,0,3,0,0,0,0,75,178,25,2,May,Wed,No,No,No,No,High,Low,Low,Low,Low,High,Low
8,5,4,3,118,10,10,37,237.656,99,0,1,0,0,0,0,83,172,28,3,May,Wed,No,No,No,No,Low,Low,Low,Low,Low,High,High
26,5,4,3,235,20,13,43,237.656,99,0,1,1,1,0,0,106,167,38,8,May,Wed,No,Yes,No,No,High,Low,Low,High,Low,High,High
13,5,5,3,179,26,9,30,237.656,99,0,3,0,0,0,0,56,171,19,1,May,Thu,No,No,No,No,Low,Low,Low,Low,Low,High,Low
28,5,5,3,291,31,12,40,237.656,99,0,1,1,1,0,1,73,171,25,2,May,Thu,No,Yes,No,Yes,High,High,Low,High,Low,High,Low
14,5,5,3,225,15,15,41,237.656,99,0,4,2,1,0,2,94,182,28,8,May,Thu,No,Yes,No,,Low,Low,High,High,Low,High,High
19,5,6,3,300,26,13,43,237.656,99,0,1,2,1,1,1,77,175,25,64,May,Fri,No,Yes,Yes,Yes,High,Low,Low,High,Low,High,Low
22,5,6,3,225,15,15,41,237.656,99,0,4,2,1,0,2,94,182,28,8,May,Fri,No,Yes,No,,Low,Low,High,High,Low,High,High
27,5,6,3,179,26,9,30,237.656,99,0,3,0,0,0,0,56,171,19,2,May,Fri,No,No,No,No,Low,Low,Low,Low,Low,High,Low
23,5,2,3,118,13,18,50,237.656,99,0,1,1,1,0,0,98,178,31,2,May,Mon,No,Yes,No,No,Low,Low,High,High,Low,High,High
5,5,3,3,118,13,18,50,237.656,99,0,1,1,1,0,0,98,178,31,3,May,Tue,No,Yes,No,No,Low,Low,High,High,Low,High,High
28,5,3,3,118,10,10,37,237.656,99,0,1,0,0,0,0,83,172,28,1,May,Tue,No,No,No,No,Low,Low,Low,Low,Low,High,High
0,5,3,3,118,13,18,50,237.656,99,1,1,1,1,0,0,98,178,31,0,May,Tue,Yes,Yes,No,No,Low,Low,High,High,Low,High,High
27,5,4,3,179,26,9,30,237.656,99,0,3,0,0,0,0,56,171,19,2,May,Wed,No,No,No,No,Low,Low,Low,Low,Low,High,Low
0,5,4,3,378,49,11,36,237.656,99,1,1,2,0,1,4,65,174,21,0,May,Wed,Yes,No,Yes,,High,High,Low,Low,Low,High,Low
16,5,6,3,179,22,17,40,237.656,99,0,2,2,0,1,0,63,170,22,1,May,Fri,No,No,Yes,No,Low,Low,High,High,Low,High,Low
10,5,2,3,155,12,14,34,237.656,99,0,1,2,1,0,0,95,196,25,48,May,Mon,No,Yes,No,No,Low,Low,High,Low,Low,High,Low
10,5,2,3,235,16,8,32,237.656,99,0,3,0,0,0,0,75,178,25,8,May,Mon,No,No,No,No,High,Low,Low,Low,Low,High,Low
22,5,4,3,291,31,12,40,237.656,99,0,1,1,1,0,1,73,171,25,8,May,Wed,No,Yes,No,Yes,High,High,Low,High,Low,High,Low
10,5,4,3,179,22,17,40,237.656,99,0,2,2,0,1,0,63,170,22,8,May,Wed,No,No,Yes,No,Low,Low,High,High,Low,High,Low
6,5,4,3,225,26,9,28,237.656,99,0,1,1,0,0,2,69,169,24,3,May,Wed,No,No,No,,Low,Low,Low,Low,Low,High,Low
10,5,5,3,330,16,4,28,237.656,99,0,2,0,0,0,0,84,182,25,8,May,Thu,No,No,No,No,High,Low,Low,Low,Low,High,Low
23,5,5,3,235,16,8,32,237.656,99,0,3,0,0,0,0,75,178,25,2,May,Thu,No,No,No,No,High,Low,Low,Low,Low,High,Low
28,5,5,3,291,31,12,40,237.656,99,0,1,1,1,0,1,73,171,25,2,May,Thu,No,Yes,No,Yes,High,High,Low,High,Low,High,Low
27,5,6,3,179,26,9,30,237.656,99,0,3,0,0,0,0,56,171,19,2,May,Fri,No,No,No,No,Low,Low,Low,Low,Low,High,Low
7,5,2,3,361,52,3,28,237.656,99,0,1,1,1,0,4,80,172,27,8,May,Mon,No,Yes,No,,High,High,Low,Low,Low,High,High
23,5,4,3,155,12,14,34,237.656,99,0,1,2,1,0,0,95,196,25,2,May,Wed,No,Yes,No,No,Low,Low,High,Low,Low,High,Low
25,5,6,3,179,22,17,40,237.656,99,0,2,2,0,1,0,63,170,22,8,May,Fri,No,No,Yes,No,Low,Low,High,High,Low,High,Low
10,5,6,3,155,12,14,34,237.656,99,0,1,2,1,0,0,95,196,25,8,May,Fri,No,Yes,No,No,Low,Low,High,Low,Low,High,Low
11,5,2,3,225,26,9,28,237.656,99,0,1,1,0,0,2,69,169,24,1,May,Mon,No,No,No,,Low,Low,Low,Low,Low,High,Low
7,6,4,3,118,15,24,46,275.089,96,0,1,2,1,1,0,75,175,25,8,Jun,Wed,No,Yes,Yes,No,Low,Low,High,High,High,High,Low
27,6,4,3,179,26,9,30,275.089,96,0,3,0,0,0,0,56,171,19,3,Jun,Wed,No,No,No,No,Low,Low,Low,Low,High,High,Low
26,6,6,3,118,10,10,37,275.089,96,0,1,0,0,0,0,83,172,28,8,Jun,Fri,No,No,No,No,Low,Low,Low,Low,High,High,High
10,6,4,3,118,10,10,37,275.089,96,0,1,0,0,0,0,83,172,28,8,Jun,Wed,No,No,No,No,Low,Low,Low,Low,High,High,High
22,6,5,3,378,49,11,36,275.089,96,0,1,2,0,1,4,65,174,21,8,Jun,Thu,No,No,Yes,,High,High,Low,Low,High,High,Low
19,6,5,3,118,13,18,50,275.089,96,0,1,1,1,0,0,98,178,31,24,Jun,Thu,No,Yes,No,No,Low,Low,High,High,High,High,High
19,6,6,3,233,51,1,31,275.089,96,0,2,1,1,0,8,68,178,21,8,Jun,Fri,No,Yes,No,,High,High,Low,Low,High,High,Low
27,6,6,3,179,26,9,30,275.089,96,0,3,0,0,0,0,56,171,19,2,Jun,Fri,No,No,No,No,Low,Low,Low,Low,High,High,Low
0,6,2,3,235,29,12,48,275.089,96,1,1,1,0,1,5,88,163,33,0,Jun,Mon,Yes,No,Yes,,High,High,Low,High,High,High,High
0,6,2,3,268,11,8,33,275.089,96,1,2,0,0,0,0,79,178,25,0,Jun,Mon,Yes,No,No,No,High,Low,Low,Low,High,High,Low
19,6,5,3,118,13,18,50,275.089,96,0,1,1,1,0,0,98,178,31,3,Jun,Thu,No,Yes,No,No,Low,Low,High,High,High,High,High
13,6,5,3,179,26,9,30,275.089,96,0,3,0,0,0,0,56,171,19,2,Jun,Thu,No,No,No,No,Low,Low,Low,Low,High,High,Low
28,6,5,3,291,31,12,40,275.089,96,0,1,1,1,0,1,73,171,25,2,Jun,Thu,No,Yes,No,Yes,High,High,Low,High,High,High,Low
13,6,2,1,179,26,9,30,275.089,96,0,3,0,0,0,0,56,171,19,3,Jun,Mon,No,No,No,No,Low,Low,Low,Low,High,High,Low
25,6,2,1,118,10,10,37,275.089,96,0,1,0,0,0,0,83,172,28,3,Jun,Mon,No,No,No,No,Low,Low,Low,Low,High,High,High
22,6,5,1,233,51,1,31,275.089,96,0,2,1,1,0,8,68,178,21,8,Jun,Thu,No,Yes,No,,High,High,Low,Low,High,High,Low
8,6,6,1,118,10,10,37,275.089,96,0,1,0,0,0,0,83,172,28,2,Jun,Fri,No,No,No,No,Low,Low,Low,Low,High,High,High
10,6,4,1,118,10,10,37,275.089,96,0,1,0,0,0,0,83,172,28,3,Jun,Wed,No,No,No,No,Low,Low,Low,Low,High,High,High
22,6,4,1,233,51,1,31,275.089,96,0,2,1,1,0,8,68,178,21,3,Jun,Wed,No,Yes,No,,High,High,Low,Low,High,High,Low
26,7,4,1,235,20,13,43,264.604,93,0,1,1,1,0,0,106,167,38,4,Jul,Wed,No,Yes,No,No,High,Low,Low,High,High,Low,High
19,7,6,1,233,51,1,31,264.604,93,0,2,1,1,0,8,68,178,21,2,Jul,Fri,No,Yes,No,,High,High,Low,Low,High,Low,Low
6,7,2,1,228,14,16,58,264.604,93,0,1,2,0,0,1,65,172,22,8,Jul,Mon,No,No,No,Yes,High,Low,High,High,High,Low,Low
28,7,2,1,118,10,10,37,264.604,93,0,1,0,0,0,0,83,172,28,4,Jul,Mon,No,No,No,No,Low,Low,Low,Low,High,Low,High
6,7,3,1,228,14,16,58,264.604,93,0,1,2,0,0,1,65,172,22,120,Jul,Tue,No,No,No,Yes,High,Low,High,High,High,Low,Low
22,7,3,1,189,29,13,33,264.604,93,0,1,2,0,0,2,69,167,25,16,Jul,Tue,No,No,No,,Low,High,Low,Low,High,Low,Low
23,7,4,1,118,10,10,37,264.604,93,0,1,0,0,0,0,83,172,28,2,Jul,Wed,No,No,No,No,Low,Low,Low,Low,High,Low,High
22,7,4,1,361,52,3,28,264.604,93,0,1,1,1,0,4,80,172,27,8,Jul,Wed,No,Yes,No,,High,High,Low,Low,High,Low,High
22,7,4,1,225,26,9,28,264.604,93,0,1,1,0,0,2,69,169,24,8,Jul,Wed,No,No,No,,Low,Low,Low,Low,High,Low,Low
13,7,2,1,369,17,12,31,264.604,93,0,1,3,1,0,0,70,169,25,80,Jul,Mon,No,Yes,No,No,High,Low,Low,Low,High,Low,Low
14,7,3,1,289,36,13,33,264.604,93,0,1,2,1,0,1,90,172,30,8,Jul,Tue,No,Yes,No,Yes,High,High,Low,Low,High,Low,High
11,7,3,1,235,11,14,37,264.604,93,0,3,1,0,0,1,88,172,29,4,Jul,Tue,No,No,No,Yes,High,Low,High,Low,High,Low,High
0,0,3,1,118,14,13,40,271.219,95,0,1,1,1,0,8,98,170,34,0,,Tue,No,Yes,No,,Low,Low,Low,High,High,Low,High
0,0,4,2,231,35,14,39,271.219,95,0,1,2,1,0,2,100,170,35,0,,Wed,No,Yes,No,,High,High,High,High,High,Low,High
0,0,6,3,179,45,14,53,271.219,95,0,1,1,0,0,1,77,175,25,0,,Fri,No,No,No,Yes,Low,High,High,High,High,Low,Low
